Chr	Start	Stop	BlockLength	BlockSize
Syn_WH8101_rela	794	1342	551	48
Syn_WH8101_rela	1358	1548	190	48
Syn_WH8101_rela	1548	1971	423	48
Syn_WH8101_rela	1996	2027	31	48
Syn_WH8101_rela	2043	2044	1	48
Syn_WH8101_rela	2044	2044	10	48
Syn_WH8101_rela	2053	2053	3	48
Syn_WH8101_rela	2071	2084	13	48
Syn_WH8101_rela	2099	2185	111	48
Syn_WH8101_rela	2185	3383	1198	48
Syn_WH8101_rela	3383	4304	939	48
Syn_WH8101_rela	4319	4402	83	48
Syn_WH8101_rela	4416	4417	1	48
Syn_WH8101_rela	4417	4422	5	48
Syn_WH8101_rela	4439	4445	6	48
Syn_WH8101_rela	4454	4454	12	48
Syn_WH8101_rela	4454	4473	19	48
Syn_WH8101_rela	4491	4507	16	48
Syn_WH8101_rela	4567	4893	331	48
Syn_WH8101_rela	4893	4913	23	48
Syn_WH8101_rela	4925	4926	1	48
Syn_WH8101_rela	4940	5063	150	48
Syn_WH8101_rela	5075	5478	427	48
Syn_WH8101_rela	5478	5859	382	48
Syn_WH8101_rela	5865	5956	91	48
Syn_WH8101_rela	5972	5973	1	48
Syn_WH8101_rela	5993	5993	1	48
Syn_WH8101_rela	6010	6069	59	48
Syn_WH8101_rela	6083	6287	220	48
Syn_WH8101_rela	6287	6287	4	48
Syn_WH8101_rela	6311	6592	281	48
Syn_WH8101_rela	6604	6840	242	48
Syn_WH8101_rela	6840	8533	1695	48
Syn_WH8101_rela	8544	8544	6	48
Syn_WH8101_rela	8550	8948	404	48
Syn_WH8101_rela	8948	9410	485	48
Syn_WH8101_rela	9439	10157	731	48
Syn_WH8101_rela	10157	10471	316	48
Syn_WH8101_rela	10495	11115	620	48
Syn_WH8101_rela	11125	11140	27	48
Syn_WH8101_rela	11158	11161	3	48
Syn_WH8101_rela	11161	11897	736	48
Syn_WH8101_rela	11914	11919	5	48
Syn_WH8101_rela	11929	11929	3	48
Syn_WH8101_rela	11949	11950	1	48
Syn_WH8101_rela	11957	12178	221	48
Syn_WH8101_rela	12184	12328	152	48
Syn_WH8101_rela	12328	12604	276	48
Syn_WH8101_rela	12642	12673	31	48
Syn_WH8101_rela	12684	12685	1	48
Syn_WH8101_rela	12685	12685	21	48
Syn_WH8101_rela	12688	12694	6	48
Syn_WH8101_rela	12761	12761	1	48
Syn_WH8101_rela	12761	12824	76	48
Syn_WH8101_rela	12836	12836	9	48
Syn_WH8101_rela	12837	12849	15	48
Syn_WH8101_rela	12858	12858	1	48
Syn_WH8101_rela	12942	13007	65	48
Syn_WH8101_rela	13068	13464	396	48
Syn_WH8101_rela	13464	13676	212	48
Syn_WH8101_rela	13676	14098	422	48
Syn_WH8101_rela	14107	14107	1	48
Syn_WH8101_rela	14109	14125	16	48
Syn_WH8101_rela	14140	14623	492	48
Syn_WH8101_rela	14623	15529	906	48
Syn_WH8101_rela	15540	15572	33	48
Syn_WH8101_rela	15587	15596	9	48
Syn_WH8101_rela	15596	16976	1380	48
Syn_WH8101_rela	16987	16990	5	48
Syn_WH8101_rela	16995	17083	93	48
Syn_WH8101_rela	17098	17106	8	48
Syn_WH8101_rela	17106	17371	265	48
Syn_WH8101_rela	17380	17380	1	48
Syn_WH8101_rela	17474	17482	11	48
Syn_WH8101_rela	17503	17514	11	48
Syn_WH8101_rela	17525	17526	3	48
Syn_WH8101_rela	17533	17569	39	48
Syn_WH8101_rela	17589	17589	1	48
Syn_WH8101_rela	17589	17589	2	48
Syn_WH8101_rela	17601	17652	51	48
Syn_WH8101_rela	17678	17916	238	48
Syn_WH8101_rela	17916	18182	266	48
Syn_WH8101_rela	18182	18656	474	48
Syn_WH8101_rela	18674	18693	19	48
Syn_WH8101_rela	18710	18731	21	48
Syn_WH8101_rela	18748	18847	99	48
Syn_WH8101_rela	18847	19261	414	48
Syn_WH8101_rela	19264	19264	9	48
Syn_WH8101_rela	19264	19717	453	48
Syn_WH8101_rela	19733	19742	9	48
Syn_WH8101_rela	19742	20140	398	48
Syn_WH8101_rela	20152	20485	333	48
Syn_WH8101_rela	20494	20494	1	48
Syn_WH8101_rela	20496	20571	75	48
Syn_WH8101_rela	20588	20848	260	48
Syn_WH8101_rela	20865	21027	162	48
Syn_WH8101_rela	24419	24438	19	48
Syn_WH8101_rela	24455	24484	29	48
Syn_WH8101_rela	24524	24643	119	48
Syn_WH8101_rela	24657	24661	4	48
Syn_WH8101_rela	24668	24674	6	48
Syn_WH8101_rela	24681	24700	19	48
Syn_WH8101_rela	24706	24714	8	48
Syn_WH8101_rela	24734	24753	19	48
Syn_WH8101_rela	24771	24778	13	48
Syn_WH8101_rela	24778	25259	481	48
Syn_WH8101_rela	25291	25296	5	48
Syn_WH8101_rela	25312	25315	3	48
Syn_WH8101_rela	25364	25364	2	48
Syn_WH8101_rela	25364	25370	6	48
Syn_WH8101_rela	25396	25711	327	48
Syn_WH8101_rela	25711	26526	820	48
Syn_WH8101_rela	26543	26768	243	48
Syn_WH8101_rela	26778	26919	147	48
Syn_WH8101_rela	26919	27259	342	48
Syn_WH8101_rela	27259	27627	371	48
Syn_WH8101_rela	27627	28067	447	48
Syn_WH8101_rela	28067	28434	367	48
Syn_WH8101_rela	28452	28462	10	48
Syn_WH8101_rela	28471	28471	1	48
Syn_WH8101_rela	28481	28908	427	48
Syn_WH8101_rela	28918	28932	14	48
Syn_WH8101_rela	28938	28950	14	48
Syn_WH8101_rela	28977	29127	150	48
Syn_WH8101_rela	29127	29666	539	48
Syn_WH8101_rela	29666	30156	490	48
Syn_WH8101_rela	30168	30407	241	48
Syn_WH8101_rela	30747	31596	849	48
Syn_WH8101_rela	31605	31608	9	48
Syn_WH8101_rela	31627	31646	19	48
Syn_WH8101_rela	31676	31701	25	48
Syn_WH8101_rela	31713	32658	969	48
Syn_WH8101_rela	32681	32695	14	48
Syn_WH8101_rela	32695	33820	1161	48
Syn_WH8101_rela	33820	34548	732	48
Syn_WH8101_rela	34569	34579	10	48
Syn_WH8101_rela	34591	34608	17	48
Syn_WH8101_rela	34615	34615	1	48
Syn_WH8101_rela	34615	34882	269	48
Syn_WH8101_rela	34885	35896	1039	48
Syn_WH8101_rela	35896	35989	93	48
Syn_WH8101_rela	36007	36008	1	48
Syn_WH8101_rela	36025	36056	32	48
Syn_WH8101_rela	36114	37023	933	48
Syn_WH8101_rela	37025	37053	30	48
Syn_WH8101_rela	37073	37089	16	48
Syn_WH8101_rela	37103	37103	2	48
Syn_WH8101_rela	37103	37103	25	48
Syn_WH8101_rela	37127	37127	1	48
Syn_WH8101_rela	37127	37127	6	48
Syn_WH8101_rela	37141	37231	90	48
Syn_WH8101_rela	37267	37282	15	48
Syn_WH8101_rela	37296	37322	26	48
Syn_WH8101_rela	37340	37347	34	48
Syn_WH8101_rela	37347	37767	431	48
Syn_WH8101_rela	37777	37790	13	48
Syn_WH8101_rela	37807	37853	46	48
Syn_WH8101_rela	37869	38401	532	48
Syn_WH8101_rela	38401	38695	294	48
Syn_WH8101_rela	38704	39005	301	48
Syn_WH8101_rela	39005	39504	502	48
Syn_WH8101_rela	39516	39668	152	48
Syn_WH8101_rela	39668	39704	37	48
Syn_WH8101_rela	39718	39718	1	48
Syn_WH8101_rela	39750	39793	43	48
Syn_WH8101_rela	39805	39805	9	48
Syn_WH8101_rela	40850	40851	1	48
Syn_WH8101_rela	40862	40873	11	48
Syn_WH8101_rela	40896	41033	137	48
Syn_WH8101_rela	41047	41119	73	48
Syn_WH8101_rela	41135	41135	1	48
Syn_WH8101_rela	41161	41192	31	48
Syn_WH8101_rela	41192	41299	107	48
Syn_WH8101_rela	41317	41325	10	48
Syn_WH8101_rela	41333	41471	138	48
Syn_WH8101_rela	41495	41496	1	48
Syn_WH8101_rela	41519	41519	2	48
Syn_WH8101_rela	41519	41519	1	48
Syn_WH8101_rela	41639	41640	1	48
Syn_WH8101_rela	41640	41652	36	48
Syn_WH8101_rela	41664	41682	19	48
Syn_WH8101_rela	41682	41813	131	48
Syn_WH8101_rela	41852	41925	73	48
Syn_WH8101_rela	41941	41951	10	48
Syn_WH8101_rela	41967	41971	4	48
Syn_WH8101_rela	41989	43126	1137	48
Syn_WH8101_rela	43133	43169	44	48
Syn_WH8101_rela	43186	43187	1	48
Syn_WH8101_rela	43225	43302	77	48
Syn_WH8101_rela	43309	43466	157	48
Syn_WH8101_rela	43485	43492	7	48
Syn_WH8101_rela	43506	43548	42	48
Syn_WH8101_rela	43548	44324	776	48
Syn_WH8101_rela	44341	44392	64	48
Syn_WH8101_rela	44402	44424	26	48
Syn_WH8101_rela	44424	44742	318	48
Syn_WH8101_rela	44742	45992	1250	48
Syn_WH8101_rela	55120	55167	63	48
Syn_WH8101_rela	55167	55414	281	48
Syn_WH8101_rela	55414	55747	333	48
Syn_WH8101_rela	55747	55781	34	48
Syn_WH8101_rela	55799	56052	279	48
Syn_WH8101_rela	56106	56119	28	48
Syn_WH8101_rela	56119	56178	97	48
Syn_WH8101_rela	56221	56238	17	48
Syn_WH8101_rela	56238	57140	902	48
Syn_WH8101_rela	57140	57988	854	48
Syn_WH8101_rela	57998	57998	22	48
Syn_WH8101_rela	57998	57998	5	48
Syn_WH8101_rela	58003	58004	1	48
Syn_WH8101_rela	58004	58004	4	48
Syn_WH8101_rela	58036	59158	1122	48
Syn_WH8101_rela	59190	59199	9	48
Syn_WH8101_rela	60702	60702	2	48
Syn_WH8101_rela	60705	61524	819	48
Syn_WH8101_rela	61568	61592	24	48
Syn_WH8101_rela	61592	61858	312	48
Syn_WH8101_rela	61858	62105	268	48
Syn_WH8101_rela	62114	62136	29	48
Syn_WH8101_rela	62171	62196	40	48
Syn_WH8101_rela	62196	62684	490	48
Syn_WH8101_rela	62698	62699	1	48
Syn_WH8101_rela	62709	62710	1	48
Syn_WH8101_rela	62710	63069	359	48
Syn_WH8101_rela	63135	63135	2	48
Syn_WH8101_rela	63135	63364	230	48
Syn_WH8101_rela	63377	63377	9	48
Syn_WH8101_rela	63377	63377	3	48
Syn_WH8101_rela	63390	63393	3	48
Syn_WH8101_rela	63418	63435	17	48
Syn_WH8101_rela	63454	63457	8	48
Syn_WH8101_rela	63988	64297	309	48
Syn_WH8101_rela	64297	64978	728	48
Syn_WH8101_rela	64986	65169	200	48
Syn_WH8101_rela	65178	65178	1	48
Syn_WH8101_rela	65178	65178	2	48
Syn_WH8101_rela	65212	66067	855	48
Syn_WH8101_rela	66067	66307	240	48
Syn_WH8101_rela	71996	72055	74	48
Syn_WH8101_rela	72079	72080	1	48
Syn_WH8101_rela	72106	72106	5	48
Syn_WH8101_rela	72106	72106	1	48
Syn_WH8101_rela	72190	72190	11	48
Syn_WH8101_rela	72219	72219	1	48
Syn_WH8101_rela	72340	72352	12	48
Syn_WH8101_rela	72360	72367	7	48
Syn_WH8101_rela	72367	72577	210	48
Syn_WH8101_rela	72577	72587	10	48
Syn_WH8101_rela	72593	72593	1	48
Syn_WH8101_rela	72602	72614	12	48
Syn_WH8101_rela	72626	72626	1	48
Syn_WH8101_rela	72637	72638	1	48
Syn_WH8101_rela	72662	72665	3	48
Syn_WH8101_rela	72696	72696	1	48
Syn_WH8101_rela	72737	72737	4	48
Syn_WH8101_rela	72782	72782	1	48
Syn_WH8101_rela	72782	73917	1136	48
Syn_WH8101_rela	73935	73935	1	48
Syn_WH8101_rela	73935	74269	342	48
Syn_WH8101_rela	74269	74594	325	48
Syn_WH8101_rela	74601	74601	11	48
Syn_WH8101_rela	74601	74614	13	48
Syn_WH8101_rela	74624	74625	1	48
Syn_WH8101_rela	74633	75086	453	48
Syn_WH8101_rela	75086	75796	713	48
Syn_WH8101_rela	75796	75984	188	48
Syn_WH8101_rela	76000	76004	4	48
Syn_WH8101_rela	76021	76122	108	48
Syn_WH8101_rela	76122	76742	620	48
Syn_WH8101_rela	76755	76811	56	48
Syn_WH8101_rela	76823	76833	10	48
Syn_WH8101_rela	76853	76853	1	48
Syn_WH8101_rela	78249	78311	64	48
Syn_WH8101_rela	78328	78330	2	48
Syn_WH8101_rela	78368	78374	6	48
Syn_WH8101_rela	78399	78411	12	48
Syn_WH8101_rela	78432	78758	326	48
Syn_WH8101_rela	78758	79431	673	48
Syn_WH8101_rela	79443	79468	25	48
Syn_WH8101_rela	79468	79693	225	48
Syn_WH8101_rela	79693	80359	668	48
Syn_WH8101_rela	80373	80373	1	48
Syn_WH8101_rela	80397	80398	1	48
Syn_WH8101_rela	80432	82212	1780	48
Syn_WH8101_rela	82227	82228	1	48
Syn_WH8101_rela	82245	82245	7	48
Syn_WH8101_rela	82265	82283	18	48
Syn_WH8101_rela	82287	82287	1	48
Syn_WH8101_rela	82287	82287	1	48
Syn_WH8101_rela	82326	82356	30	48
Syn_WH8101_rela	82371	82371	2	48
Syn_WH8101_rela	100194	100931	737	48
Syn_WH8101_rela	100931	101824	893	48
Syn_WH8101_rela	101842	101875	33	48
Syn_WH8101_rela	101892	101895	8	48
Syn_WH8101_rela	101909	102999	1090	48
Syn_WH8101_rela	103071	103111	60	48
Syn_WH8101_rela	103111	103124	13	48
Syn_WH8101_rela	103153	103804	674	48
Syn_WH8101_rela	103818	104865	1054	48
Syn_WH8101_rela	104865	104886	29	48
Syn_WH8101_rela	105665	105667	2	48
Syn_WH8101_rela	105682	106315	639	48
Syn_WH8101_rela	106361	107248	892	48
Syn_WH8101_rela	107303	107384	84	48
Syn_WH8101_rela	107385	108067	729	48
Syn_WH8101_rela	108067	109378	1320	48
Syn_WH8101_rela	109392	109710	329	48
Syn_WH8101_rela	109722	109887	168	48
Syn_WH8101_rela	109893	109914	21	48
Syn_WH8101_rela	109926	110106	180	48
Syn_WH8101_rela	110135	110142	7	48
Syn_WH8101_rela	110151	110151	1	48
Syn_WH8101_rela	110151	110477	342	48
Syn_WH8101_rela	110477	110488	29	48
Syn_WH8101_rela	110495	110972	482	48
Syn_WH8101_rela	110992	110993	1	48
Syn_WH8101_rela	111017	111020	3	48
Syn_WH8101_rela	111042	111045	3	48
Syn_WH8101_rela	111074	112208	1137	48
Syn_WH8101_rela	112208	112421	213	48
Syn_WH8101_rela	112439	112451	17	48
Syn_WH8101_rela	112467	112574	108	48
Syn_WH8101_rela	112586	112587	1	48
Syn_WH8101_rela	112600	112616	28	48
Syn_WH8101_rela	112616	112621	23	48
Syn_WH8101_rela	112631	112820	190	48
Syn_WH8101_rela	112820	113463	643	48
Syn_WH8101_rela	113463	113554	91	48
Syn_WH8101_rela	113554	113570	16	48
Syn_WH8101_rela	113655	114121	466	48
Syn_WH8101_rela	114148	114226	78	48
Syn_WH8101_rela	114226	114289	63	48
Syn_WH8101_rela	114293	114432	139	48
Syn_WH8101_rela	134194	134194	4	48
Syn_WH8101_rela	134209	135056	850	48
Syn_WH8101_rela	135056	135086	30	48
Syn_WH8101_rela	135086	135210	146	48
Syn_WH8101_rela	135220	135220	9	48
Syn_WH8101_rela	135288	135337	61	48
Syn_WH8101_rela	135343	135782	452	48
Syn_WH8101_rela	135782	137191	1409	48
Syn_WH8101_rela	137215	137219	7	48
Syn_WH8101_rela	137237	137238	1	48
Syn_WH8101_rela	137245	137245	1	48
Syn_WH8101_rela	137249	137905	656	48
Syn_WH8101_rela	137926	137926	1	48
Syn_WH8101_rela	137931	137964	33	48
Syn_WH8101_rela	137969	138308	339	48
Syn_WH8101_rela	138335	138417	82	48
Syn_WH8101_rela	138422	138473	53	48
Syn_WH8101_rela	138473	139577	1105	48
Syn_WH8101_rela	139577	139861	287	48
Syn_WH8101_rela	139861	140275	423	48
Syn_WH8101_rela	140287	140788	507	48
Syn_WH8101_rela	140832	140835	3	48
Syn_WH8101_rela	140843	140847	4	48
Syn_WH8101_rela	140855	140855	1	48
Syn_WH8101_rela	140865	141322	457	48
Syn_WH8101_rela	141322	141876	563	48
Syn_WH8101_rela	141876	142114	238	48
Syn_WH8101_rela	142130	142130	10	48
Syn_WH8101_rela	142130	142211	93	48
Syn_WH8101_rela	142231	142241	10	48
Syn_WH8101_rela	142250	142250	15	48
Syn_WH8101_rela	142256	142258	13	48
Syn_WH8101_rela	142258	142655	400	48
Syn_WH8101_rela	142655	142983	328	48
Syn_WH8101_rela	142992	142992	1	48
Syn_WH8101_rela	142992	142999	28	48
Syn_WH8101_rela	143021	143041	20	48
Syn_WH8101_rela	143055	143331	276	48
Syn_WH8101_rela	143331	144038	707	48
Syn_WH8101_rela	144038	144525	495	48
Syn_WH8101_rela	144527	144828	301	48
Syn_WH8101_rela	144837	144837	1	48
Syn_WH8101_rela	144842	144919	77	48
Syn_WH8101_rela	144931	145319	388	48
Syn_WH8101_rela	145370	145462	92	48
Syn_WH8101_rela	145468	145570	102	48
Syn_WH8101_rela	145570	145572	2	48
Syn_WH8101_rela	145625	146017	392	48
Syn_WH8101_rela	146029	146342	313	48
Syn_WH8101_rela	147947	148025	78	48
Syn_WH8101_rela	148031	148178	147	48
Syn_WH8101_rela	148192	148394	202	48
Syn_WH8101_rela	148409	148410	1	48
Syn_WH8101_rela	148428	148443	15	48
Syn_WH8101_rela	148460	148664	204	48
Syn_WH8101_rela	148760	148767	7	48
Syn_WH8101_rela	148793	148794	1	48
Syn_WH8101_rela	148817	148818	1	48
Syn_WH8101_rela	149556	149702	146	48
Syn_WH8101_rela	149702	149733	41	48
Syn_WH8101_rela	149743	149743	6	48
Syn_WH8101_rela	149761	149770	9	48
Syn_WH8101_rela	149800	149803	3	48
Syn_WH8101_rela	149917	149917	3	48
Syn_WH8101_rela	149930	150395	483	48
Syn_WH8101_rela	150406	150427	30	48
Syn_WH8101_rela	150427	150468	71	48
Syn_WH8101_rela	150477	150499	22	48
Syn_WH8101_rela	150524	150524	6	48
Syn_WH8101_rela	150524	150524	5	48
Syn_WH8101_rela	150544	151413	890	48
Syn_WH8101_rela	151413	151471	97	48
Syn_WH8101_rela	151498	151498	6	48
Syn_WH8101_rela	167539	167754	231	48
Syn_WH8101_rela	167769	167865	97	48
Syn_WH8101_rela	167882	167890	8	48
Syn_WH8101_rela	167903	167945	66	48
Syn_WH8101_rela	167945	167975	30	48
Syn_WH8101_rela	167975	167985	10	48
Syn_WH8101_rela	168034	168380	356	48
Syn_WH8101_rela	168404	168428	33	48
Syn_WH8101_rela	168440	168474	34	48
Syn_WH8101_rela	168489	168672	186	48
Syn_WH8101_rela	168679	168705	26	48
Syn_WH8101_rela	168716	168716	2	48
Syn_WH8101_rela	168716	168942	230	48
Syn_WH8101_rela	168965	168966	1	48
Syn_WH8101_rela	169927	169937	21	48
Syn_WH8101_rela	169946	169946	1	48
Syn_WH8101_rela	169979	169982	3	48
Syn_WH8101_rela	170010	170047	37	48
Syn_WH8101_rela	175466	175976	510	48
Syn_WH8101_rela	175976	176584	608	48
Syn_WH8101_rela	176627	176939	322	48
Syn_WH8101_rela	176945	176945	2	48
Syn_WH8101_rela	176952	177023	72	48
Syn_WH8101_rela	177023	177050	39	48
Syn_WH8101_rela	177050	177071	21	48
Syn_WH8101_rela	177092	177430	341	48
Syn_WH8101_rela	177430	177873	443	48
Syn_WH8101_rela	177905	177953	51	48
Syn_WH8101_rela	177967	178424	460	48
Syn_WH8101_rela	178439	178594	155	48
Syn_WH8101_rela	178594	178847	253	48
Syn_WH8101_rela	178847	178858	25	48
Syn_WH8101_rela	178858	178860	2	48
Syn_WH8101_rela	178873	178873	9	48
Syn_WH8101_rela	178874	178878	4	48
Syn_WH8101_rela	178887	178981	94	48
Syn_WH8101_rela	179007	179065	58	48
Syn_WH8101_rela	179081	179088	7	48
Syn_WH8101_rela	179125	179237	112	48
Syn_WH8101_rela	179253	179254	1	48
Syn_WH8101_rela	179269	179324	69	48
Syn_WH8101_rela	179336	179432	96	48
Syn_WH8101_rela	179447	179463	16	48
Syn_WH8101_rela	179475	179534	59	48
Syn_WH8101_rela	179543	179543	1	48
Syn_WH8101_rela	179543	179545	2	48
Syn_WH8101_rela	179561	179787	226	48
Syn_WH8101_rela	179802	179811	9	48
Syn_WH8101_rela	179832	179972	140	48
Syn_WH8101_rela	180002	180063	61	48
Syn_WH8101_rela	180063	180130	96	48
Syn_WH8101_rela	180165	180180	15	48
Syn_WH8101_rela	180180	180509	374	48
Syn_WH8101_rela	180509	180735	226	48
Syn_WH8101_rela	180744	180744	10	48
Syn_WH8101_rela	180751	180932	190	48
Syn_WH8101_rela	180935	181285	350	48
Syn_WH8101_rela	181297	181298	1	48
Syn_WH8101_rela	181298	181510	212	48
Syn_WH8101_rela	181522	181526	4	48
Syn_WH8101_rela	181537	181538	1	48
Syn_WH8101_rela	181538	181602	64	48
Syn_WH8101_rela	186590	187459	874	48
Syn_WH8101_rela	187477	187478	1	48
Syn_WH8101_rela	187494	187498	4	48
Syn_WH8101_rela	187530	187544	14	48
Syn_WH8101_rela	187562	187571	9	48
Syn_WH8101_rela	189780	189785	5	48
Syn_WH8101_rela	189803	189836	34	48
Syn_WH8101_rela	189852	190072	238	48
Syn_WH8101_rela	190081	190247	198	48
Syn_WH8101_rela	190255	190307	52	48
Syn_WH8101_rela	190330	190330	1	48
Syn_WH8101_rela	190330	190604	274	48
Syn_WH8101_rela	190604	191039	438	48
Syn_WH8101_rela	191049	191049	7	48
Syn_WH8101_rela	191049	191049	1	48
Syn_WH8101_rela	191060	191248	194	48
Syn_WH8101_rela	191248	191479	231	48
Syn_WH8101_rela	191513	191893	381	48
Syn_WH8101_rela	191901	191969	68	48
Syn_WH8101_rela	191984	191984	3	48
Syn_WH8101_rela	300175	300369	197	48
Syn_WH8101_rela	300386	300500	114	48
Syn_WH8101_rela	300531	300659	131	48
Syn_WH8101_rela	300672	300674	5	48
Syn_WH8101_rela	300674	300995	322	48
Syn_WH8101_rela	301012	301095	95	48
Syn_WH8101_rela	301095	301995	900	48
Syn_WH8101_rela	302033	302038	5	48
Syn_WH8101_rela	302038	302373	335	48
Syn_WH8101_rela	302382	302382	6	48
Syn_WH8101_rela	302382	302382	2	48
Syn_WH8101_rela	302382	302382	3	48
Syn_WH8101_rela	302389	302389	1	48
Syn_WH8101_rela	302403	302403	21	48
Syn_WH8101_rela	302403	302403	6	48
Syn_WH8101_rela	302422	302422	1	48
Syn_WH8101_rela	302422	302422	6	48
Syn_WH8101_rela	302428	302443	15	48
Syn_WH8101_rela	302458	302475	24	48
Syn_WH8101_rela	302484	302517	37	48
Syn_WH8101_rela	302524	302635	113	48
Syn_WH8101_rela	302635	302891	256	48
Syn_WH8101_rela	302905	302911	6	48
Syn_WH8101_rela	302933	302933	1	48
Syn_WH8101_rela	302933	303187	254	48
Syn_WH8101_rela	303187	303629	442	48
Syn_WH8101_rela	303635	303638	3	48
Syn_WH8101_rela	303656	303657	1	48
Syn_WH8101_rela	303657	303657	5	48
Syn_WH8101_rela	303668	303668	5	48
Syn_WH8101_rela	303675	303683	8	48
Syn_WH8101_rela	303683	303694	32	48
Syn_WH8101_rela	303707	303708	1	48
Syn_WH8101_rela	303729	303987	258	48
Syn_WH8101_rela	303993	303993	1	48
Syn_WH8101_rela	303993	304235	242	48
Syn_WH8101_rela	304235	304235	7	48
Syn_WH8101_rela	304239	304239	1	48
Syn_WH8101_rela	304239	307376	3137	48
Syn_WH8101_rela	307404	307475	71	48
Syn_WH8101_rela	307480	307664	205	48
Syn_WH8101_rela	307664	308608	965	48
Syn_WH8101_rela	308608	308608	8	48
Syn_WH8101_rela	308617	308814	197	48
Syn_WH8101_rela	308834	308853	19	48
Syn_WH8101_rela	308870	308871	1	48
Syn_WH8101_rela	308884	308896	12	48
Syn_WH8101_rela	308906	308907	1	48
Syn_WH8101_rela	308907	308918	11	48
Syn_WH8101_rela	308943	308967	24	48
Syn_WH8101_rela	309011	309014	3	48
Syn_WH8101_rela	309034	309034	1	48
Syn_WH8101_rela	309034	309370	336	48
Syn_WH8101_rela	309370	309806	436	48
Syn_WH8101_rela	309821	310198	384	48
Syn_WH8101_rela	310201	310355	166	48
Syn_WH8101_rela	310355	310361	15	48
Syn_WH8101_rela	310362	310373	11	48
Syn_WH8101_rela	310375	310684	309	48
Syn_WH8101_rela	310718	310723	5	48
Syn_WH8101_rela	310740	311650	910	48
Syn_WH8101_rela	311681	311704	26	48
Syn_WH8101_rela	311704	311704	4	48
Syn_WH8101_rela	311720	311757	37	48
Syn_WH8101_rela	311785	311785	3	48
Syn_WH8101_rela	311785	311785	13	48
Syn_WH8101_rela	311824	312123	299	48
Syn_WH8101_rela	312123	312583	460	48
Syn_WH8101_rela	312608	312858	250	48
Syn_WH8101_rela	312858	312890	32	48
Syn_WH8101_rela	312894	312912	18	48
Syn_WH8101_rela	312929	312953	24	48
Syn_WH8101_rela	315583	315915	338	48
Syn_WH8101_rela	315925	315926	1	48
Syn_WH8101_rela	315941	316790	864	48
Syn_WH8101_rela	316790	316798	8	48
Syn_WH8101_rela	316803	316803	7	48
Syn_WH8101_rela	316818	316835	17	48
Syn_WH8101_rela	316853	316865	12	48
Syn_WH8101_rela	316897	316930	33	48
Syn_WH8101_rela	316930	317349	427	48
Syn_WH8101_rela	317382	317798	416	48
Syn_WH8101_rela	317817	317817	1	48
Syn_WH8101_rela	317817	318677	878	48
Syn_WH8101_rela	318688	318694	6	48
Syn_WH8101_rela	318708	318716	27	48
Syn_WH8101_rela	318716	318716	2	48
Syn_WH8101_rela	318716	318740	25	48
Syn_WH8101_rela	318753	319543	790	48
Syn_WH8101_rela	319548	319640	92	48
Syn_WH8101_rela	319689	320405	716	48
Syn_WH8101_rela	320416	321008	600	48
Syn_WH8101_rela	321036	322352	1318	48
Syn_WH8101_rela	322352	322565	213	48
Syn_WH8101_rela	325619	326221	635	48
Syn_WH8101_rela	332672	333210	559	48
Syn_WH8101_rela	333210	333664	477	48
Syn_WH8101_rela	333664	334111	447	48
Syn_WH8101_rela	334120	334120	10	48
Syn_WH8101_rela	334124	334125	1	48
Syn_WH8101_rela	335003	335525	522	48
Syn_WH8101_rela	335573	335614	42	48
Syn_WH8101_rela	335624	335641	20	48
Syn_WH8101_rela	335650	335650	1	48
Syn_WH8101_rela	335659	335673	14	48
Syn_WH8101_rela	335687	335727	40	48
Syn_WH8101_rela	335769	336070	301	48
Syn_WH8101_rela	336126	336158	32	48
Syn_WH8101_rela	336167	336167	3	48
Syn_WH8101_rela	336174	336244	70	48
Syn_WH8101_rela	336245	336491	247	48
Syn_WH8101_rela	336500	336554	54	48
Syn_WH8101_rela	336554	337079	525	48
Syn_WH8101_rela	337079	337290	211	48
Syn_WH8101_rela	337290	337518	239	48
Syn_WH8101_rela	337541	337549	19	48
Syn_WH8101_rela	337550	337558	37	48
Syn_WH8101_rela	337573	337609	39	48
Syn_WH8101_rela	337609	337926	317	48
Syn_WH8101_rela	337926	338591	674	48
Syn_WH8101_rela	338595	339863	1289	48
Syn_WH8101_rela	339891	339894	3	48
Syn_WH8101_rela	339909	340397	497	48
Syn_WH8101_rela	340397	341062	665	48
Syn_WH8101_rela	341062	341275	213	48
Syn_WH8101_rela	341275	341719	447	48
Syn_WH8101_rela	341758	341818	60	48
Syn_WH8101_rela	341818	342561	753	48
Syn_WH8101_rela	342593	342595	2	48
Syn_WH8101_rela	342595	342962	370	48
Syn_WH8101_rela	342962	343878	916	48
Syn_WH8101_rela	343885	343885	6	48
Syn_WH8101_rela	343901	343926	25	48
Syn_WH8101_rela	343951	343952	1	48
Syn_WH8101_rela	343959	343960	1	48
Syn_WH8101_rela	343963	344361	402	48
Syn_WH8101_rela	344368	344514	152	48
Syn_WH8101_rela	344534	344545	11	48
Syn_WH8101_rela	344554	344731	177	48
Syn_WH8101_rela	344749	345246	525	48
Syn_WH8101_rela	345264	345275	12	48
Syn_WH8101_rela	345275	345275	1	48
Syn_WH8101_rela	345275	345851	576	48
Syn_WH8101_rela	345867	345891	24	48
Syn_WH8101_rela	345906	345943	37	48
Syn_WH8101_rela	345973	346053	109	48
Syn_WH8101_rela	346078	346078	2	48
Syn_WH8101_rela	346175	346189	14	48
Syn_WH8101_rela	346197	346198	1	48
Syn_WH8101_rela	346198	346563	365	48
Syn_WH8101_rela	346573	346573	5	48
Syn_WH8101_rela	346573	346573	1	48
Syn_WH8101_rela	346590	346660	70	48
Syn_WH8101_rela	346680	347184	531	48
Syn_WH8101_rela	347201	347204	3	48
Syn_WH8101_rela	347216	347265	49	48
Syn_WH8101_rela	347271	347271	1	48
Syn_WH8101_rela	347271	347877	612	48
Syn_WH8101_rela	347906	348519	614	48
Syn_WH8101_rela	348519	348872	353	48
Syn_WH8101_rela	348881	348893	18	48
Syn_WH8101_rela	348926	349004	78	48
Syn_WH8101_rela	349004	349378	386	48
Syn_WH8101_rela	349388	349389	1	48
Syn_WH8101_rela	349431	349636	205	48
Syn_WH8101_rela	349663	349746	84	48
Syn_WH8101_rela	349746	350055	318	48
Syn_WH8101_rela	350069	350078	9	48
Syn_WH8101_rela	350093	350108	16	48
Syn_WH8101_rela	350125	350283	169	48
Syn_WH8101_rela	350283	351349	1072	48
Syn_WH8101_rela	351349	351356	7	48
Syn_WH8101_rela	351356	351360	4	48
Syn_WH8101_rela	351411	351651	246	48
Syn_WH8101_rela	351665	352460	873	48
Syn_WH8101_rela	352469	352877	426	48
Syn_WH8101_rela	352892	352901	16	48
Syn_WH8101_rela	352920	352979	65	48
Syn_WH8101_rela	353005	353010	10	48
Syn_WH8101_rela	353010	353327	317	48
Syn_WH8101_rela	353327	353786	474	48
Syn_WH8101_rela	353796	353827	31	48
Syn_WH8101_rela	353849	353865	36	48
Syn_WH8101_rela	353865	354420	555	48
Syn_WH8101_rela	355743	356021	302	48
Syn_WH8101_rela	356048	356048	1	48
Syn_WH8101_rela	356061	356061	8	48
Syn_WH8101_rela	356071	356298	233	48
Syn_WH8101_rela	356313	356343	30	48
Syn_WH8101_rela	356360	356479	121	48
Syn_WH8101_rela	356557	356561	4	48
Syn_WH8101_rela	356575	356597	22	48
Syn_WH8101_rela	356612	356662	50	48
Syn_WH8101_rela	356662	357907	1261	48
Syn_WH8101_rela	357912	357920	8	48
Syn_WH8101_rela	357937	357967	30	48
Syn_WH8101_rela	357982	358036	64	48
Syn_WH8101_rela	358036	358447	411	48
Syn_WH8101_rela	358447	359068	639	48
Syn_WH8101_rela	359078	359109	31	48
Syn_WH8101_rela	359157	359159	2	48
Syn_WH8101_rela	359174	359179	5	48
Syn_WH8101_rela	359190	359877	687	48
Syn_WH8101_rela	359883	359883	1	48
Syn_WH8101_rela	359893	360333	445	48
Syn_WH8101_rela	360333	360439	106	48
Syn_WH8101_rela	360466	360836	370	48
Syn_WH8101_rela	360856	361653	797	48
Syn_WH8101_rela	361653	363123	1470	48
Syn_WH8101_rela	363154	363155	1	48
Syn_WH8101_rela	363155	363156	1	48
Syn_WH8101_rela	363175	364110	935	48
Syn_WH8101_rela	364110	364569	463	48
Syn_WH8101_rela	364579	364579	1	48
Syn_WH8101_rela	364582	364583	1	48
Syn_WH8101_rela	364602	364651	49	48
Syn_WH8101_rela	364651	364858	207	48
Syn_WH8101_rela	364858	365117	265	48
Syn_WH8101_rela	365127	365262	135	48
Syn_WH8101_rela	365273	365302	29	48
Syn_WH8101_rela	365314	365323	9	48
Syn_WH8101_rela	365357	365379	22	48
Syn_WH8101_rela	365411	365479	77	48
Syn_WH8101_rela	365479	365780	301	48
Syn_WH8101_rela	365808	365809	1	48
Syn_WH8101_rela	365823	365839	16	48
Syn_WH8101_rela	365851	366805	991	48
Syn_WH8101_rela	366823	366855	32	48
Syn_WH8101_rela	366855	367359	537	48
Syn_WH8101_rela	367365	367481	116	48
Syn_WH8101_rela	367498	367506	8	48
Syn_WH8101_rela	367526	367538	12	48
Syn_WH8101_rela	367556	368264	731	48
Syn_WH8101_rela	368310	368311	1	48
Syn_WH8101_rela	368323	368327	4	48
Syn_WH8101_rela	368488	368500	12	48
Syn_WH8101_rela	368507	368643	136	48
Syn_WH8101_rela	368643	368773	190	48
Syn_WH8101_rela	368789	369091	302	48
Syn_WH8101_rela	369091	369104	13	48
Syn_WH8101_rela	369112	369112	3	48
Syn_WH8101_rela	369112	369133	41	48
Syn_WH8101_rela	369140	370064	968	48
Syn_WH8101_rela	370064	370830	777	48
Syn_WH8101_rela	370868	371041	173	48
Syn_WH8101_rela	371047	371047	10	48
Syn_WH8101_rela	371066	371243	197	48
Syn_WH8101_rela	371253	371795	555	48
Syn_WH8101_rela	371795	372049	254	48
Syn_WH8101_rela	372058	372110	70	48
Syn_WH8101_rela	372129	372185	56	48
Syn_WH8101_rela	372193	372213	22	48
Syn_WH8101_rela	372227	372274	97	48
Syn_WH8101_rela	372294	372713	441	48
Syn_WH8101_rela	372722	372722	7	48
Syn_WH8101_rela	372722	372899	180	48
Syn_WH8101_rela	372914	372914	5	48
Syn_WH8101_rela	372927	372943	16	48
Syn_WH8101_rela	372994	372996	8	48
Syn_WH8101_rela	372996	373594	598	48
Syn_WH8101_rela	373612	373627	15	48
Syn_WH8101_rela	373627	373870	243	48
Syn_WH8101_rela	373878	374285	431	48
Syn_WH8101_rela	374296	374302	6	48
Syn_WH8101_rela	374308	374342	34	48
Syn_WH8101_rela	374345	374345	1	48
Syn_WH8101_rela	374345	374606	267	48
Syn_WH8101_rela	374606	375191	606	48
Syn_WH8101_rela	375208	375248	61	48
Syn_WH8101_rela	375248	375519	271	48
Syn_WH8101_rela	375554	375554	1	48
Syn_WH8101_rela	375564	376202	638	48
Syn_WH8101_rela	376212	376231	19	48
Syn_WH8101_rela	376255	376310	57	48
Syn_WH8101_rela	376317	376366	54	48
Syn_WH8101_rela	376393	376423	30	48
Syn_WH8101_rela	377113	377121	8	48
Syn_WH8101_rela	377147	377157	10	48
Syn_WH8101_rela	377194	377195	1	48
Syn_WH8101_rela	377195	377255	60	48
Syn_WH8101_rela	377264	377266	2	48
Syn_WH8101_rela	377277	377387	119	48
Syn_WH8101_rela	377399	377924	531	48
Syn_WH8101_rela	377924	378485	561	48
Syn_WH8101_rela	378497	379892	1395	48
Syn_WH8101_rela	379916	380931	1015	48
Syn_WH8101_rela	380968	382850	1882	48
Syn_WH8101_rela	382850	383122	272	48
Syn_WH8101_rela	384130	384148	18	48
Syn_WH8101_rela	384166	384210	53	48
Syn_WH8101_rela	384229	384229	2	48
Syn_WH8101_rela	384239	384244	5	48
Syn_WH8101_rela	384268	384733	486	48
Syn_WH8101_rela	384760	384761	1	48
Syn_WH8101_rela	384761	384761	5	48
Syn_WH8101_rela	384802	385370	580	48
Syn_WH8101_rela	385384	385392	8	48
Syn_WH8101_rela	385407	385499	99	48
Syn_WH8101_rela	385520	385532	12	48
Syn_WH8101_rela	385552	386037	518	48
Syn_WH8101_rela	386041	386073	32	48
Syn_WH8101_rela	386087	386321	265	48
Syn_WH8101_rela	386321	386576	260	48
Syn_WH8101_rela	386588	386616	28	48
Syn_WH8101_rela	386616	386841	251	48
Syn_WH8101_rela	386850	386851	1	48
Syn_WH8101_rela	386870	386875	5	48
Syn_WH8101_rela	386887	386894	8	48
Syn_WH8101_rela	386902	387058	156	48
Syn_WH8101_rela	387088	387096	8	48
Syn_WH8101_rela	387114	387117	3	48
Syn_WH8101_rela	387117	387126	14	48
Syn_WH8101_rela	387126	387556	430	48
Syn_WH8101_rela	387567	387577	10	48
Syn_WH8101_rela	387598	387746	148	48
Syn_WH8101_rela	387746	387981	235	48
Syn_WH8101_rela	387981	388525	577	48
Syn_WH8101_rela	388534	389232	713	48
Syn_WH8101_rela	389247	389253	6	48
Syn_WH8101_rela	389284	389400	118	48
Syn_WH8101_rela	389414	389495	81	48
Syn_WH8101_rela	389533	389542	9	48
Syn_WH8101_rela	389555	389682	127	48
Syn_WH8101_rela	389691	389691	1	48
Syn_WH8101_rela	389691	390216	525	48
Syn_WH8101_rela	390216	390604	388	48
Syn_WH8101_rela	390613	390791	184	48
Syn_WH8101_rela	390805	390806	1	48
Syn_WH8101_rela	390817	390821	4	48
Syn_WH8101_rela	390838	391530	704	48
Syn_WH8101_rela	391922	391923	1	48
Syn_WH8101_rela	391941	391942	1	48
Syn_WH8101_rela	391942	391942	18	48
Syn_WH8101_rela	391953	392812	866	48
Syn_WH8101_rela	392821	392868	48	48
Syn_WH8101_rela	392868	393471	606	48
Syn_WH8101_rela	393482	393760	280	48
Syn_WH8101_rela	393777	393778	1	48
Syn_WH8101_rela	393798	394210	432	48
Syn_WH8101_rela	394210	394975	769	48
Syn_WH8101_rela	394975	395979	1004	48
Syn_WH8101_rela	395979	396341	362	48
Syn_WH8101_rela	396341	396678	347	48
Syn_WH8101_rela	396678	396734	60	48
Syn_WH8101_rela	396747	396747	1	48
Syn_WH8101_rela	396785	396786	1	48
Syn_WH8101_rela	396798	396798	12	48
Syn_WH8101_rela	396824	396824	4	48
Syn_WH8101_rela	396867	396874	7	48
Syn_WH8101_rela	396874	396885	79	48
Syn_WH8101_rela	396902	396904	2	48
Syn_WH8101_rela	396918	396918	1	48
Syn_WH8101_rela	396928	396934	6	48
Syn_WH8101_rela	396943	397307	364	48
Syn_WH8101_rela	397322	397354	32	48
Syn_WH8101_rela	397356	397443	89	48
Syn_WH8101_rela	397443	397479	36	48
Syn_WH8101_rela	397496	397513	18	48
Syn_WH8101_rela	397540	398514	975	48
Syn_WH8101_rela	398529	398529	14	48
Syn_WH8101_rela	398837	399194	363	48
Syn_WH8101_rela	399194	399611	417	48
Syn_WH8101_rela	399620	399620	3	48
Syn_WH8101_rela	399637	399777	140	48
Syn_WH8101_rela	400018	400559	541	48
Syn_WH8101_rela	400583	400669	86	48
Syn_WH8101_rela	400720	400720	3	48
Syn_WH8101_rela	400737	400747	11	48
Syn_WH8101_rela	400747	400755	10	48
Syn_WH8101_rela	400761	400773	12	48
Syn_WH8101_rela	400781	400814	33	48
Syn_WH8101_rela	400814	400856	42	48
Syn_WH8101_rela	400871	401321	502	48
Syn_WH8101_rela	401331	401331	31	48
Syn_WH8101_rela	401331	402007	686	48
Syn_WH8101_rela	402007	402362	369	48
Syn_WH8101_rela	402368	402381	19	48
Syn_WH8101_rela	402390	402697	308	48
Syn_WH8101_rela	402712	402740	28	48
Syn_WH8101_rela	403246	403837	591	48
Syn_WH8101_rela	403853	403894	42	48
Syn_WH8101_rela	403916	403974	73	48
Syn_WH8101_rela	403997	404001	4	48
Syn_WH8101_rela	404018	404240	222	48
Syn_WH8101_rela	404240	404252	12	48
Syn_WH8101_rela	404281	404292	11	48
Syn_WH8101_rela	404309	404322	13	48
Syn_WH8101_rela	404335	404395	61	48
Syn_WH8101_rela	404421	404469	48	48
Syn_WH8101_rela	404501	404704	203	48
Syn_WH8101_rela	404719	404736	18	48
Syn_WH8101_rela	404739	404747	15	48
Syn_WH8101_rela	404756	404816	60	48
Syn_WH8101_rela	404832	404857	25	48
Syn_WH8101_rela	404887	404897	10	48
Syn_WH8101_rela	404915	405040	125	48
Syn_WH8101_rela	405053	405054	1	48
Syn_WH8101_rela	405073	405074	1	48
Syn_WH8101_rela	405074	405160	87	48
Syn_WH8101_rela	405177	405193	16	48
Syn_WH8101_rela	405230	405232	2	48
Syn_WH8101_rela	405238	405432	194	48
Syn_WH8101_rela	405451	405455	4	48
Syn_WH8101_rela	405475	406351	879	48
Syn_WH8101_rela	406357	406715	364	48
Syn_WH8101_rela	406724	406724	1	48
Syn_WH8101_rela	406746	406752	6	48
Syn_WH8101_rela	406762	406793	49	48
Syn_WH8101_rela	406811	406842	31	48
Syn_WH8101_rela	406853	406878	25	48
Syn_WH8101_rela	407063	407070	8	48
Syn_WH8101_rela	407070	407149	79	48
Syn_WH8101_rela	407157	407160	3	48
Syn_WH8101_rela	407171	407404	254	48
Syn_WH8101_rela	407404	407773	369	48
Syn_WH8101_rela	407773	407994	221	48
Syn_WH8101_rela	408078	408096	18	48
Syn_WH8101_rela	408118	408138	23	48
Syn_WH8101_rela	408155	408215	60	48
Syn_WH8101_rela	408215	409314	1100	48
Syn_WH8101_rela	409327	409417	96	48
Syn_WH8101_rela	409426	409439	13	48
Syn_WH8101_rela	409439	409743	307	48
Syn_WH8101_rela	409743	411188	1447	48
Syn_WH8101_rela	411217	411283	66	48
Syn_WH8101_rela	411306	411311	5	48
Syn_WH8101_rela	411323	411565	242	48
Syn_WH8101_rela	411565	411783	218	48
Syn_WH8101_rela	411783	411823	55	48
Syn_WH8101_rela	411830	411830	9	48
Syn_WH8101_rela	411830	411841	31	48
Syn_WH8101_rela	411841	412158	320	48
Syn_WH8101_rela	412187	412188	1	48
Syn_WH8101_rela	412323	412331	8	48
Syn_WH8101_rela	412374	412399	25	48
Syn_WH8101_rela	412420	412425	5	48
Syn_WH8101_rela	412444	412464	24	48
Syn_WH8101_rela	412473	412474	1	48
Syn_WH8101_rela	412484	413068	587	48
Syn_WH8101_rela	413068	413349	284	48
Syn_WH8101_rela	424285	424302	17	48
Syn_WH8101_rela	424312	424338	26	48
Syn_WH8101_rela	424360	424380	20	48
Syn_WH8101_rela	424390	424390	1	48
Syn_WH8101_rela	424404	424419	15	48
Syn_WH8101_rela	424438	425994	1556	48
Syn_WH8101_rela	426000	426009	32	48
Syn_WH8101_rela	426022	426036	14	48
Syn_WH8101_rela	426040	426040	1	48
Syn_WH8101_rela	426040	426040	8	48
Syn_WH8101_rela	426040	426069	33	48
Syn_WH8101_rela	426070	426423	353	48
Syn_WH8101_rela	426423	426547	124	48
Syn_WH8101_rela	426556	426631	75	48
Syn_WH8101_rela	426644	426645	1	48
Syn_WH8101_rela	426645	426645	14	48
Syn_WH8101_rela	426654	426781	130	48
Syn_WH8101_rela	426795	426800	5	48
Syn_WH8101_rela	426834	426834	1	48
Syn_WH8101_rela	426834	427176	347	48
Syn_WH8101_rela	427176	427187	15	48
Syn_WH8101_rela	427195	428412	1217	48
Syn_WH8101_rela	428429	428459	31	48
Syn_WH8101_rela	428472	428489	17	48
Syn_WH8101_rela	428506	428524	18	48
Syn_WH8101_rela	428552	428569	17	48
Syn_WH8101_rela	428578	428623	60	48
Syn_WH8101_rela	428623	428832	209	48
Syn_WH8101_rela	428832	429284	452	48
Syn_WH8101_rela	429284	429883	599	48
Syn_WH8101_rela	429883	430479	602	48
Syn_WH8101_rela	430479	430861	382	48
Syn_WH8101_rela	430870	430883	13	48
Syn_WH8101_rela	430901	430923	31	48
Syn_WH8101_rela	430923	431038	123	48
Syn_WH8101_rela	431047	431183	151	48
Syn_WH8101_rela	431200	431222	22	48
Syn_WH8101_rela	431238	431239	1	48
Syn_WH8101_rela	431252	431263	12	48
Syn_WH8101_rela	431281	431289	8	48
Syn_WH8101_rela	431305	431306	1	48
Syn_WH8101_rela	431325	431328	3	48
Syn_WH8101_rela	431347	431378	31	48
Syn_WH8101_rela	431418	431457	40	48
Syn_WH8101_rela	431465	431465	1	48
Syn_WH8101_rela	431477	432781	1313	48
Syn_WH8101_rela	432790	432838	51	48
Syn_WH8101_rela	432847	432867	20	48
Syn_WH8101_rela	432882	433146	267	48
Syn_WH8101_rela	433164	433187	23	48
Syn_WH8101_rela	433199	433210	28	48
Syn_WH8101_rela	433210	433210	1	48
Syn_WH8101_rela	433220	433223	3	48
Syn_WH8101_rela	433243	433270	27	48
Syn_WH8101_rela	433279	433279	1	48
Syn_WH8101_rela	433303	433322	19	48
Syn_WH8101_rela	433786	434061	275	48
Syn_WH8101_rela	434083	434083	1	48
Syn_WH8101_rela	434083	434083	2	48
Syn_WH8101_rela	434090	434625	540	48
Syn_WH8101_rela	434641	434861	228	48
Syn_WH8101_rela	434861	435186	325	48
Syn_WH8101_rela	435189	435462	273	48
Syn_WH8101_rela	435473	435473	1	48
Syn_WH8101_rela	435480	435480	8	48
Syn_WH8101_rela	435486	435661	175	48
Syn_WH8101_rela	435661	436137	476	48
Syn_WH8101_rela	436137	436420	283	48
Syn_WH8101_rela	436435	436739	304	48
Syn_WH8101_rela	436739	437086	347	48
Syn_WH8101_rela	437097	437120	23	48
Syn_WH8101_rela	437128	437128	1	48
Syn_WH8101_rela	437128	437453	335	48
Syn_WH8101_rela	437462	437465	3	48
Syn_WH8101_rela	437484	437502	18	48
Syn_WH8101_rela	437512	437512	5	48
Syn_WH8101_rela	437512	437512	1	48
Syn_WH8101_rela	437512	437512	4	48
Syn_WH8101_rela	437514	437515	1	48
Syn_WH8101_rela	437515	437526	11	48
Syn_WH8101_rela	437545	437555	12	48
Syn_WH8101_rela	437571	438820	1254	48
Syn_WH8101_rela	438820	440893	2073	48
Syn_WH8101_rela	440900	440955	55	48
Syn_WH8101_rela	440978	440979	1	48
Syn_WH8101_rela	440979	441442	463	48
Syn_WH8101_rela	441472	441490	19	48
Syn_WH8101_rela	441523	441530	7	48
Syn_WH8101_rela	441530	441969	440	48
Syn_WH8101_rela	441986	442311	325	48
Syn_WH8101_rela	442325	442337	12	48
Syn_WH8101_rela	442346	443362	1019	48
Syn_WH8101_rela	443380	443427	47	48
Syn_WH8101_rela	443427	444022	628	48
Syn_WH8101_rela	444035	444061	26	48
Syn_WH8101_rela	444092	444111	19	48
Syn_WH8101_rela	444112	444112	1	48
Syn_WH8101_rela	444112	444112	1	48
Syn_WH8101_rela	444121	444143	31	48
Syn_WH8101_rela	444152	444668	519	48
Syn_WH8101_rela	444668	445501	833	48
Syn_WH8101_rela	445501	446033	535	48
Syn_WH8101_rela	446033	446655	623	48
Syn_WH8101_rela	453147	454004	860	48
Syn_WH8101_rela	454011	454011	2	48
Syn_WH8101_rela	454020	454097	77	48
Syn_WH8101_rela	454116	455307	1191	48
Syn_WH8101_rela	455322	455334	12	48
Syn_WH8101_rela	455401	455419	18	48
Syn_WH8101_rela	455427	455427	6	48
Syn_WH8101_rela	455437	455780	343	48
Syn_WH8101_rela	455810	455814	4	48
Syn_WH8101_rela	455814	455826	15	48
Syn_WH8101_rela	455845	455878	33	48
Syn_WH8101_rela	455878	455928	50	48
Syn_WH8101_rela	455953	455977	24	48
Syn_WH8101_rela	456002	456051	49	48
Syn_WH8101_rela	456272	457030	786	48
Syn_WH8101_rela	457051	457057	12	48
Syn_WH8101_rela	457075	457077	2	48
Syn_WH8101_rela	457100	457106	6	48
Syn_WH8101_rela	457135	457152	17	48
Syn_WH8101_rela	457170	457171	1	48
Syn_WH8101_rela	457277	457296	19	48
Syn_WH8101_rela	457302	457316	14	48
Syn_WH8101_rela	457327	457328	1	48
Syn_WH8101_rela	457334	457472	141	48
Syn_WH8101_rela	457488	457497	9	48
Syn_WH8101_rela	457518	457655	140	48
Syn_WH8101_rela	457655	459903	2251	48
Syn_WH8101_rela	459919	459923	4	48
Syn_WH8101_rela	459923	461432	1515	48
Syn_WH8101_rela	461441	461441	1	48
Syn_WH8101_rela	461441	462139	698	48
Syn_WH8101_rela	462155	462158	3	48
Syn_WH8101_rela	462167	462170	3	48
Syn_WH8101_rela	462183	462209	31	48
Syn_WH8101_rela	462215	462215	1	48
Syn_WH8101_rela	464070	464071	1	48
Syn_WH8101_rela	464071	464279	208	48
Syn_WH8101_rela	464279	464669	390	48
Syn_WH8101_rela	464669	465242	576	48
Syn_WH8101_rela	465242	465661	430	48
Syn_WH8101_rela	465661	466427	766	48
Syn_WH8101_rela	466427	466891	464	48
Syn_WH8101_rela	466891	467170	286	48
Syn_WH8101_rela	467185	467209	24	48
Syn_WH8101_rela	467233	467240	7	48
Syn_WH8101_rela	467291	467349	58	48
Syn_WH8101_rela	467349	467772	423	48
Syn_WH8101_rela	467796	467805	9	48
Syn_WH8101_rela	467815	467937	125	48
Syn_WH8101_rela	467951	468031	90	48
Syn_WH8101_rela	468031	468031	13	48
Syn_WH8101_rela	468044	468177	151	48
Syn_WH8101_rela	468205	468227	22	48
Syn_WH8101_rela	468239	468448	239	48
Syn_WH8101_rela	468459	468459	6	48
Syn_WH8101_rela	468474	468692	223	48
Syn_WH8101_rela	468692	469417	725	48
Syn_WH8101_rela	469433	469434	1	48
Syn_WH8101_rela	469440	470108	668	48
Syn_WH8101_rela	470126	470920	842	48
Syn_WH8101_rela	470920	470938	24	48
Syn_WH8101_rela	470938	471042	131	48
Syn_WH8101_rela	471042	471061	19	48
Syn_WH8101_rela	471083	471116	46	48
Syn_WH8101_rela	471145	471166	40	48
Syn_WH8101_rela	471196	471303	108	48
Syn_WH8101_rela	471318	471318	1	48
Syn_WH8101_rela	471482	471915	442	48
Syn_WH8101_rela	471926	472085	159	48
Syn_WH8101_rela	472085	472446	361	48
Syn_WH8101_rela	472452	472459	43	48
Syn_WH8101_rela	472487	472520	33	48
Syn_WH8101_rela	472520	473049	529	48
Syn_WH8101_rela	473066	473306	240	48
Syn_WH8101_rela	473306	473884	578	48
Syn_WH8101_rela	473884	474158	284	48
Syn_WH8101_rela	474180	474189	9	48
Syn_WH8101_rela	474206	474208	2	48
Syn_WH8101_rela	474248	474253	5	48
Syn_WH8101_rela	474270	474283	13	48
Syn_WH8101_rela	474295	474311	28	48
Syn_WH8101_rela	474311	474515	204	48
Syn_WH8101_rela	474524	474524	9	48
Syn_WH8101_rela	474524	474914	390	48
Syn_WH8101_rela	474925	474926	1	48
Syn_WH8101_rela	474926	475439	515	48
Syn_WH8101_rela	475456	475462	6	48
Syn_WH8101_rela	475475	475487	12	48
Syn_WH8101_rela	475505	475509	4	48
Syn_WH8101_rela	475523	475523	22	48
Syn_WH8101_rela	475536	475543	7	48
Syn_WH8101_rela	475552	475555	3	48
Syn_WH8101_rela	475555	476405	877	48
Syn_WH8101_rela	476434	476434	1	48
Syn_WH8101_rela	476434	476794	360	48
Syn_WH8101_rela	476821	476830	10	48
Syn_WH8101_rela	476830	477777	947	48
Syn_WH8101_rela	477799	477807	16	48
Syn_WH8101_rela	477807	478202	401	48
Syn_WH8101_rela	478202	478210	8	48
Syn_WH8101_rela	478228	478236	8	48
Syn_WH8101_rela	478270	478655	385	48
Syn_WH8101_rela	478667	478670	3	48
Syn_WH8101_rela	478688	478689	1	48
Syn_WH8101_rela	478698	478698	4	48
Syn_WH8101_rela	478754	478935	185	48
Syn_WH8101_rela	478935	479255	320	48
Syn_WH8101_rela	479255	479478	223	48
Syn_WH8101_rela	479503	479508	5	48
Syn_WH8101_rela	479533	479533	1	48
Syn_WH8101_rela	479533	480076	543	48
Syn_WH8101_rela	480076	480858	782	48
Syn_WH8101_rela	480872	480945	74	48
Syn_WH8101_rela	480961	481231	273	48
Syn_WH8101_rela	481231	481404	173	48
Syn_WH8101_rela	481417	481485	68	48
Syn_WH8101_rela	481485	481951	472	48
Syn_WH8101_rela	481957	482074	130	48
Syn_WH8101_rela	482074	482476	402	48
Syn_WH8101_rela	482476	483021	551	48
Syn_WH8101_rela	483021	483445	425	48
Syn_WH8101_rela	483445	483994	549	48
Syn_WH8101_rela	484008	484040	51	48
Syn_WH8101_rela	484040	484397	357	48
Syn_WH8101_rela	484397	484778	381	48
Syn_WH8101_rela	484789	484798	9	48
Syn_WH8101_rela	484833	484834	1	48
Syn_WH8101_rela	484834	485083	249	48
Syn_WH8101_rela	485101	485105	4	48
Syn_WH8101_rela	485105	485328	224	48
Syn_WH8101_rela	485346	485366	21	48
Syn_WH8101_rela	485366	486552	1187	48
Syn_WH8101_rela	486552	486896	344	48
Syn_WH8101_rela	486896	487236	340	48
Syn_WH8101_rela	487236	489065	1832	48
Syn_WH8101_rela	489065	489700	635	48
Syn_WH8101_rela	489714	489735	21	48
Syn_WH8101_rela	489759	489791	32	48
Syn_WH8101_rela	489831	489842	18	48
Syn_WH8101_rela	489849	489860	11	48
Syn_WH8101_rela	489879	489884	5	48
Syn_WH8101_rela	489921	490133	224	48
Syn_WH8101_rela	490133	490567	435	48
Syn_WH8101_rela	490587	491579	1015	48
Syn_WH8101_rela	491594	491625	32	48
Syn_WH8101_rela	491636	491636	2	48
Syn_WH8101_rela	491638	491648	10	48
Syn_WH8101_rela	491648	492643	995	48
Syn_WH8101_rela	492680	492703	23	48
Syn_WH8101_rela	492706	492706	22	48
Syn_WH8101_rela	492724	492724	2	48
Syn_WH8101_rela	492790	492797	8	48
Syn_WH8101_rela	492805	493068	269	48
Syn_WH8101_rela	493083	493284	203	48
Syn_WH8101_rela	493294	493296	2	48
Syn_WH8101_rela	493305	493347	43	48
Syn_WH8101_rela	493365	493366	1	48
Syn_WH8101_rela	493384	493459	75	48
Syn_WH8101_rela	493478	493582	110	48
Syn_WH8101_rela	493597	493741	144	48
Syn_WH8101_rela	493750	493750	1	48
Syn_WH8101_rela	493750	493750	2	48
Syn_WH8101_rela	493760	494310	581	48
Syn_WH8101_rela	494310	494310	1	48
Syn_WH8101_rela	494319	494325	6	48
Syn_WH8101_rela	494368	494424	71	48
Syn_WH8101_rela	494424	495461	1037	48
Syn_WH8101_rela	495473	495479	15	48
Syn_WH8101_rela	495499	495499	4	48
Syn_WH8101_rela	495508	495511	3	48
Syn_WH8101_rela	495550	495554	4	48
Syn_WH8101_rela	495570	495570	4	48
Syn_WH8101_rela	495596	495902	312	48
Syn_WH8101_rela	495920	495942	32	48
Syn_WH8101_rela	495964	496202	252	48
Syn_WH8101_rela	496231	496234	3	48
Syn_WH8101_rela	496246	496363	121	48
Syn_WH8101_rela	496363	496833	470	48
Syn_WH8101_rela	496836	497737	919	48
Syn_WH8101_rela	497738	497747	10	48
Syn_WH8101_rela	497763	497765	2	48
Syn_WH8101_rela	497780	497801	21	48
Syn_WH8101_rela	497819	498011	192	48
Syn_WH8101_rela	498011	498407	396	48
Syn_WH8101_rela	498407	498643	236	48
Syn_WH8101_rela	498659	498687	28	48
Syn_WH8101_rela	498687	499038	351	48
Syn_WH8101_rela	499038	499258	220	48
Syn_WH8101_rela	499282	499388	106	48
Syn_WH8101_rela	499411	499412	1	48
Syn_WH8101_rela	499412	499798	392	48
Syn_WH8101_rela	499798	500186	388	48
Syn_WH8101_rela	500196	500576	419	48
Syn_WH8101_rela	500591	501120	531	48
Syn_WH8101_rela	501164	501165	1	48
Syn_WH8101_rela	501185	501484	299	48
Syn_WH8101_rela	501502	501717	227	48
Syn_WH8101_rela	501731	501732	1	48
Syn_WH8101_rela	501747	501809	62	48
Syn_WH8101_rela	501842	502039	197	48
Syn_WH8101_rela	502039	502043	4	48
Syn_WH8101_rela	502052	502052	11	48
Syn_WH8101_rela	502057	502083	26	48
Syn_WH8101_rela	502116	502116	1	48
Syn_WH8101_rela	502134	502134	1	48
Syn_WH8101_rela	502134	502143	12	48
Syn_WH8101_rela	502145	502396	251	48
Syn_WH8101_rela	502403	502404	1	48
Syn_WH8101_rela	502404	502922	518	48
Syn_WH8101_rela	502937	503267	333	48
Syn_WH8101_rela	503293	503308	15	48
Syn_WH8101_rela	505516	505528	12	48
Syn_WH8101_rela	505544	505561	17	48
Syn_WH8101_rela	505578	505935	357	48
Syn_WH8101_rela	505951	505953	2	48
Syn_WH8101_rela	505953	505953	2	48
Syn_WH8101_rela	505953	505953	7	48
Syn_WH8101_rela	505978	506070	93	48
Syn_WH8101_rela	506081	506082	1	48
Syn_WH8101_rela	506082	506676	594	48
Syn_WH8101_rela	506685	506686	1	48
Syn_WH8101_rela	506686	507213	533	48
Syn_WH8101_rela	507245	507250	5	48
Syn_WH8101_rela	507259	507332	73	48
Syn_WH8101_rela	507345	507806	467	48
Syn_WH8101_rela	507818	507921	103	48
Syn_WH8101_rela	507921	509067	1146	48
Syn_WH8101_rela	509067	509596	529	48
Syn_WH8101_rela	509596	509950	354	48
Syn_WH8101_rela	509950	510189	242	48
Syn_WH8101_rela	510189	510407	218	48
Syn_WH8101_rela	510416	511390	989	48
Syn_WH8101_rela	511390	511988	598	48
Syn_WH8101_rela	511988	512317	329	48
Syn_WH8101_rela	512317	513528	1221	48
Syn_WH8101_rela	513540	513540	6	48
Syn_WH8101_rela	513540	514075	558	48
Syn_WH8101_rela	514084	514233	149	48
Syn_WH8101_rela	514249	514257	8	48
Syn_WH8101_rela	514274	514548	274	48
Syn_WH8101_rela	514548	514787	239	48
Syn_WH8101_rela	514814	514822	8	48
Syn_WH8101_rela	514844	515168	325	48
Syn_WH8101_rela	515195	515459	271	48
Syn_WH8101_rela	515468	515499	43	48
Syn_WH8101_rela	515499	515735	236	48
Syn_WH8101_rela	515735	516043	308	48
Syn_WH8101_rela	516043	516564	532	48
Syn_WH8101_rela	516564	516593	32	48
Syn_WH8101_rela	516595	516669	74	48
Syn_WH8101_rela	516672	516688	17	48
Syn_WH8101_rela	516695	516713	18	48
Syn_WH8101_rela	516748	516757	16	48
Syn_WH8101_rela	516757	516838	81	48
Syn_WH8101_rela	516838	517581	743	48
Syn_WH8101_rela	517615	517883	270	48
Syn_WH8101_rela	517895	517957	63	48
Syn_WH8101_rela	517974	518000	26	48
Syn_WH8101_rela	518010	518010	4	48
Syn_WH8101_rela	518010	518645	636	48
Syn_WH8101_rela	519732	519778	46	48
Syn_WH8101_rela	519782	519782	1	48
Syn_WH8101_rela	519804	519911	107	48
Syn_WH8101_rela	519914	520021	110	48
Syn_WH8101_rela	520021	520349	328	48
Syn_WH8101_rela	520395	520395	1	48
Syn_WH8101_rela	520409	520781	372	48
Syn_WH8101_rela	520796	520850	54	48
Syn_WH8101_rela	520854	520855	1	48
Syn_WH8101_rela	520864	520882	19	48
Syn_WH8101_rela	520911	520933	26	48
Syn_WH8101_rela	520933	521548	615	48
Syn_WH8101_rela	521573	521642	69	48
Syn_WH8101_rela	521660	521839	179	48
Syn_WH8101_rela	521856	521979	142	48
Syn_WH8101_rela	521994	523195	1216	48
Syn_WH8101_rela	523195	523205	10	48
Syn_WH8101_rela	523205	523223	18	48
Syn_WH8101_rela	523238	523301	63	48
Syn_WH8101_rela	523318	523354	36	48
Syn_WH8101_rela	523377	523459	82	48
Syn_WH8101_rela	523471	523588	117	48
Syn_WH8101_rela	523865	523949	99	48
Syn_WH8101_rela	523963	523989	26	48
Syn_WH8101_rela	524006	524020	14	48
Syn_WH8101_rela	524055	525057	1007	48
Syn_WH8101_rela	525066	525066	12	48
Syn_WH8101_rela	525075	525076	11	48
Syn_WH8101_rela	525077	525143	72	48
Syn_WH8101_rela	525189	525189	1	48
Syn_WH8101_rela	525189	525399	210	48
Syn_WH8101_rela	525416	525687	279	48
Syn_WH8101_rela	525699	525700	1	48
Syn_WH8101_rela	525700	525717	29	48
Syn_WH8101_rela	525727	525738	11	48
Syn_WH8101_rela	525819	525830	11	48
Syn_WH8101_rela	525848	526265	421	48
Syn_WH8101_rela	526265	526846	581	48
Syn_WH8101_rela	526852	526856	4	48
Syn_WH8101_rela	526874	526877	3	48
Syn_WH8101_rela	526889	526900	11	48
Syn_WH8101_rela	526900	526906	14	48
Syn_WH8101_rela	526911	526911	3	48
Syn_WH8101_rela	526953	526957	38	48
Syn_WH8101_rela	526974	526974	22	48
Syn_WH8101_rela	527390	527390	6	48
Syn_WH8101_rela	527405	527417	12	48
Syn_WH8101_rela	527434	527455	24	48
Syn_WH8101_rela	527462	527858	419	48
Syn_WH8101_rela	527876	528088	215	48
Syn_WH8101_rela	528088	528405	346	48
Syn_WH8101_rela	528439	528440	1	48
Syn_WH8101_rela	528444	528925	484	48
Syn_WH8101_rela	528925	529283	358	48
Syn_WH8101_rela	529283	529291	21	48
Syn_WH8101_rela	529291	529508	233	48
Syn_WH8101_rela	529508	529741	233	48
Syn_WH8101_rela	529741	529745	15	48
Syn_WH8101_rela	542016	542521	523	48
Syn_WH8101_rela	542548	542769	242	48
Syn_WH8101_rela	542769	542769	1	48
Syn_WH8101_rela	542769	544192	1423	48
Syn_WH8101_rela	544208	550156	5948	48
Syn_WH8101_rela	550321	550381	62	48
Syn_WH8101_rela	550381	550401	20	48
Syn_WH8101_rela	550415	550428	17	48
Syn_WH8101_rela	550443	550472	29	48
Syn_WH8101_rela	550472	550472	2	48
Syn_WH8101_rela	550479	550538	100	48
Syn_WH8101_rela	550547	550643	96	48
Syn_WH8101_rela	550655	550762	107	48
Syn_WH8101_rela	550786	550791	5	48
Syn_WH8101_rela	550808	550812	4	48
Syn_WH8101_rela	550821	550832	11	48
Syn_WH8101_rela	550860	550886	26	48
Syn_WH8101_rela	550895	550906	18	48
Syn_WH8101_rela	550915	550915	17	48
Syn_WH8101_rela	550915	550916	1	48
Syn_WH8101_rela	550936	550936	1	48
Syn_WH8101_rela	550936	550948	13	48
Syn_WH8101_rela	551080	551208	153	48
Syn_WH8101_rela	551219	551229	10	48
Syn_WH8101_rela	551238	551341	104	48
Syn_WH8101_rela	551353	551354	1	48
Syn_WH8101_rela	551376	551383	7	48
Syn_WH8101_rela	551404	551404	1	48
Syn_WH8101_rela	551413	551414	2	48
Syn_WH8101_rela	551414	552231	823	48
Syn_WH8101_rela	552249	552637	388	48
Syn_WH8101_rela	552660	552663	3	48
Syn_WH8101_rela	552702	552705	3	48
Syn_WH8101_rela	552705	553901	1196	48
Syn_WH8101_rela	553911	553912	1	48
Syn_WH8101_rela	553920	553958	41	48
Syn_WH8101_rela	553967	554337	370	48
Syn_WH8101_rela	554358	554358	2	48
Syn_WH8101_rela	554364	554491	127	48
Syn_WH8101_rela	554491	554541	50	48
Syn_WH8101_rela	554576	554592	16	48
Syn_WH8101_rela	554595	554714	123	48
Syn_WH8101_rela	554740	554752	12	48
Syn_WH8101_rela	554752	555729	980	48
Syn_WH8101_rela	555745	555761	24	48
Syn_WH8101_rela	555775	555794	19	48
Syn_WH8101_rela	555824	555935	128	48
Syn_WH8101_rela	555971	555973	2	48
Syn_WH8101_rela	555981	555990	9	48
Syn_WH8101_rela	555998	556195	201	48
Syn_WH8101_rela	556195	556449	254	48
Syn_WH8101_rela	556473	556496	23	48
Syn_WH8101_rela	556503	556503	8	48
Syn_WH8101_rela	556510	556535	26	48
Syn_WH8101_rela	556559	556686	129	48
Syn_WH8101_rela	556686	558258	1573	48
Syn_WH8101_rela	558271	558342	78	48
Syn_WH8101_rela	558351	558371	32	48
Syn_WH8101_rela	558413	558461	51	48
Syn_WH8101_rela	558466	558868	405	48
Syn_WH8101_rela	558881	558883	2	48
Syn_WH8101_rela	558906	558906	1	48
Syn_WH8101_rela	558906	559091	201	48
Syn_WH8101_rela	559125	559126	1	48
Syn_WH8101_rela	559131	559440	309	48
Syn_WH8101_rela	559440	560389	954	48
Syn_WH8101_rela	560410	560457	47	48
Syn_WH8101_rela	560470	560473	3	48
Syn_WH8101_rela	560489	560498	9	48
Syn_WH8101_rela	560529	561281	754	48
Syn_WH8101_rela	561281	561391	110	48
Syn_WH8101_rela	561411	561425	14	48
Syn_WH8101_rela	561435	561466	31	48
Syn_WH8101_rela	561479	561621	142	48
Syn_WH8101_rela	561630	562524	912	48
Syn_WH8101_rela	562538	562539	1	48
Syn_WH8101_rela	562545	563105	578	48
Syn_WH8101_rela	563114	563121	7	48
Syn_WH8101_rela	563139	563294	155	48
Syn_WH8101_rela	563301	563301	5	48
Syn_WH8101_rela	563334	563415	81	48
Syn_WH8101_rela	563430	563448	18	48
Syn_WH8101_rela	563459	563619	160	48
Syn_WH8101_rela	563633	563633	8	48
Syn_WH8101_rela	563638	563640	2	48
Syn_WH8101_rela	563651	563665	14	48
Syn_WH8101_rela	563680	563680	3	48
Syn_WH8101_rela	563695	564013	322	48
Syn_WH8101_rela	564013	564443	430	48
Syn_WH8101_rela	564443	564753	310	48
Syn_WH8101_rela	564753	564797	45	48
Syn_WH8101_rela	564797	564797	4	48
Syn_WH8101_rela	564807	564812	5	48
Syn_WH8101_rela	564821	565137	326	48
Syn_WH8101_rela	565196	565199	3	48
Syn_WH8101_rela	565226	565368	142	48
Syn_WH8101_rela	565380	565382	9	48
Syn_WH8101_rela	565405	565428	23	48
Syn_WH8101_rela	565437	565437	9	48
Syn_WH8101_rela	565445	565463	18	48
Syn_WH8101_rela	565469	565644	175	48
Syn_WH8101_rela	565671	565683	12	48
Syn_WH8101_rela	565696	566850	1154	48
Syn_WH8101_rela	566881	566882	1	48
Syn_WH8101_rela	566906	566910	4	48
Syn_WH8101_rela	566934	567175	241	48
Syn_WH8101_rela	567193	567199	6	48
Syn_WH8101_rela	567212	567267	55	48
Syn_WH8101_rela	567292	567294	2	48
Syn_WH8101_rela	567311	567495	184	48
Syn_WH8101_rela	567495	567827	332	48
Syn_WH8101_rela	567827	568245	422	48
Syn_WH8101_rela	568245	569051	806	48
Syn_WH8101_rela	569082	569089	7	48
Syn_WH8101_rela	569137	569228	115	48
Syn_WH8101_rela	569228	569988	763	48
Syn_WH8101_rela	569988	570267	279	48
Syn_WH8101_rela	570276	570276	1	48
Syn_WH8101_rela	570276	570431	162	48
Syn_WH8101_rela	570431	571089	658	48
Syn_WH8101_rela	571129	571129	2	48
Syn_WH8101_rela	571138	571149	12	48
Syn_WH8101_rela	571165	571166	1	48
Syn_WH8101_rela	571166	571648	482	48
Syn_WH8101_rela	571692	571696	4	48
Syn_WH8101_rela	571711	571711	1	48
Syn_WH8101_rela	571732	572496	764	48
Syn_WH8101_rela	580749	580956	210	48
Syn_WH8101_rela	580956	581385	432	48
Syn_WH8101_rela	581417	581615	201	48
Syn_WH8101_rela	581615	581903	290	48
Syn_WH8101_rela	581922	581923	1	48
Syn_WH8101_rela	581932	581945	13	48
Syn_WH8101_rela	581968	582980	1012	48
Syn_WH8101_rela	582998	583049	67	48
Syn_WH8101_rela	583049	583428	386	48
Syn_WH8101_rela	583428	583877	449	48
Syn_WH8101_rela	583877	584111	234	48
Syn_WH8101_rela	584135	584390	260	48
Syn_WH8101_rela	584398	584535	137	48
Syn_WH8101_rela	584549	584789	240	48
Syn_WH8101_rela	584831	584836	5	48
Syn_WH8101_rela	584845	584845	1	48
Syn_WH8101_rela	584854	584864	10	48
Syn_WH8101_rela	584884	584884	1	48
Syn_WH8101_rela	587100	587345	254	48
Syn_WH8101_rela	587345	587988	661	48
Syn_WH8101_rela	587988	588735	747	48
Syn_WH8101_rela	588769	588770	1	48
Syn_WH8101_rela	588770	588771	1	48
Syn_WH8101_rela	588848	588867	34	48
Syn_WH8101_rela	588867	589520	656	48
Syn_WH8101_rela	589520	590079	559	48
Syn_WH8101_rela	590079	590551	473	48
Syn_WH8101_rela	590551	591091	540	48
Syn_WH8101_rela	591091	591490	399	48
Syn_WH8101_rela	591490	591935	445	48
Syn_WH8101_rela	591935	591962	29	48
Syn_WH8101_rela	591978	591980	2	48
Syn_WH8101_rela	597601	597802	217	48
Syn_WH8101_rela	597811	597817	6	48
Syn_WH8101_rela	597849	597960	112	48
Syn_WH8101_rela	597960	598290	330	48
Syn_WH8101_rela	598294	598294	1	48
Syn_WH8101_rela	599282	599727	457	48
Syn_WH8101_rela	600767	600781	22	48
Syn_WH8101_rela	600781	600819	38	48
Syn_WH8101_rela	600819	601494	705	48
Syn_WH8101_rela	601514	601515	1	48
Syn_WH8101_rela	601546	601547	1	48
Syn_WH8101_rela	605897	605995	100	48
Syn_WH8101_rela	606011	606344	333	48
Syn_WH8101_rela	606361	606366	5	48
Syn_WH8101_rela	641442	641824	400	48
Syn_WH8101_rela	641835	642085	253	48
Syn_WH8101_rela	642091	642091	1	48
Syn_WH8101_rela	642091	642519	428	48
Syn_WH8101_rela	649758	649809	51	48
Syn_WH8101_rela	649809	650817	1008	48
Syn_WH8101_rela	650827	650828	1	48
Syn_WH8101_rela	663983	664406	423	48
Syn_WH8101_rela	664406	664666	260	48
Syn_WH8101_rela	664683	664983	300	48
Syn_WH8101_rela	665001	665006	5	48
Syn_WH8101_rela	665007	665015	8	48
Syn_WH8101_rela	665038	665062	24	48
Syn_WH8101_rela	665084	665096	12	48
Syn_WH8101_rela	665114	665134	25	48
Syn_WH8101_rela	665134	665743	627	48
Syn_WH8101_rela	665743	666421	685	48
Syn_WH8101_rela	666432	666433	1	48
Syn_WH8101_rela	666433	666433	2	48
Syn_WH8101_rela	666456	666460	9	48
Syn_WH8101_rela	666460	666460	1	48
Syn_WH8101_rela	666469	666472	5	48
Syn_WH8101_rela	666475	666479	4	48
Syn_WH8101_rela	666483	666509	61	48
Syn_WH8101_rela	666512	666512	13	48
Syn_WH8101_rela	666512	666512	4	48
Syn_WH8101_rela	666512	666517	26	48
Syn_WH8101_rela	666584	666593	9	48
Syn_WH8101_rela	666645	666666	21	48
Syn_WH8101_rela	666666	667155	489	48
Syn_WH8101_rela	667155	668478	1326	48
Syn_WH8101_rela	668478	668504	26	48
Syn_WH8101_rela	668504	669429	925	48
Syn_WH8101_rela	669429	669633	204	48
Syn_WH8101_rela	669645	669651	6	48
Syn_WH8101_rela	669651	669697	46	48
Syn_WH8101_rela	669718	670133	421	48
Syn_WH8101_rela	670133	670487	354	48
Syn_WH8101_rela	670516	670526	10	48
Syn_WH8101_rela	670535	670535	32	48
Syn_WH8101_rela	670756	671453	697	48
Syn_WH8101_rela	671453	671453	4	48
Syn_WH8101_rela	671454	671458	4	48
Syn_WH8101_rela	671485	671507	23	48
Syn_WH8101_rela	671521	671532	12	48
Syn_WH8101_rela	671551	671650	111	48
Syn_WH8101_rela	671650	671883	239	48
Syn_WH8101_rela	671896	671897	1	48
Syn_WH8101_rela	671967	672808	841	48
Syn_WH8101_rela	672816	672816	12	48
Syn_WH8101_rela	687738	687884	146	48
Syn_WH8101_rela	687884	687979	116	48
Syn_WH8101_rela	687979	687980	1	48
Syn_WH8101_rela	687989	688017	28	48
Syn_WH8101_rela	688017	688048	31	48
Syn_WH8101_rela	688064	688065	1	48
Syn_WH8101_rela	688584	689102	518	48
Syn_WH8101_rela	689114	689120	6	48
Syn_WH8101_rela	689135	689183	48	48
Syn_WH8101_rela	689199	689207	8	48
Syn_WH8101_rela	689238	689314	82	48
Syn_WH8101_rela	689330	689695	365	48
Syn_WH8101_rela	689695	690075	380	48
Syn_WH8101_rela	690094	690241	147	48
Syn_WH8101_rela	690251	690408	157	48
Syn_WH8101_rela	690428	690809	381	48
Syn_WH8101_rela	690823	690826	3	48
Syn_WH8101_rela	690850	691464	615	48
Syn_WH8101_rela	691466	691536	70	48
Syn_WH8101_rela	691542	691549	34	48
Syn_WH8101_rela	691588	691798	213	48
Syn_WH8101_rela	691802	691804	2	48
Syn_WH8101_rela	691810	691810	1	48
Syn_WH8101_rela	691819	692815	996	48
Syn_WH8101_rela	692823	692860	41	48
Syn_WH8101_rela	692875	693478	603	48
Syn_WH8101_rela	693492	693501	9	48
Syn_WH8101_rela	693535	693535	1	48
Syn_WH8101_rela	693535	693535	13	48
Syn_WH8101_rela	693545	694210	674	48
Syn_WH8101_rela	694226	694254	28	48
Syn_WH8101_rela	694285	694312	27	48
Syn_WH8101_rela	694318	694323	12	48
Syn_WH8101_rela	694335	694372	37	48
Syn_WH8101_rela	694372	695463	1121	48
Syn_WH8101_rela	695472	695472	1	48
Syn_WH8101_rela	695472	696370	904	48
Syn_WH8101_rela	696387	696388	1	48
Syn_WH8101_rela	696388	696388	1	48
Syn_WH8101_rela	696421	696490	69	48
Syn_WH8101_rela	696505	696511	6	48
Syn_WH8101_rela	696523	696657	140	48
Syn_WH8101_rela	696657	696669	12	48
Syn_WH8101_rela	696669	696669	7	48
Syn_WH8101_rela	696678	696692	14	48
Syn_WH8101_rela	696692	697585	907	48
Syn_WH8101_rela	697595	697595	3	48
Syn_WH8101_rela	697613	697671	58	48
Syn_WH8101_rela	697684	697700	16	48
Syn_WH8101_rela	697712	697732	26	48
Syn_WH8101_rela	697732	698691	960	48
Syn_WH8101_rela	698700	698779	99	48
Syn_WH8101_rela	698797	698807	10	48
Syn_WH8101_rela	698859	699164	308	48
Syn_WH8101_rela	699174	699622	448	48
Syn_WH8101_rela	699638	699641	3	48
Syn_WH8101_rela	699645	699645	1	48
Syn_WH8101_rela	699645	700062	417	48
Syn_WH8101_rela	700090	700323	233	48
Syn_WH8101_rela	700323	700662	339	48
Syn_WH8101_rela	700662	701157	495	48
Syn_WH8101_rela	701178	701196	21	48
Syn_WH8101_rela	701196	701196	11	48
Syn_WH8101_rela	701196	702544	1348	48
Syn_WH8101_rela	704843	705379	540	48
Syn_WH8101_rela	705423	705448	25	48
Syn_WH8101_rela	705454	706173	726	48
Syn_WH8101_rela	706182	706182	1	48
Syn_WH8101_rela	706680	707997	1320	48
Syn_WH8101_rela	708035	708038	3	48
Syn_WH8101_rela	708038	708496	458	48
Syn_WH8101_rela	708511	708551	40	48
Syn_WH8101_rela	708563	708563	5	48
Syn_WH8101_rela	708572	708603	31	48
Syn_WH8101_rela	708603	708618	17	48
Syn_WH8101_rela	708618	708680	64	48
Syn_WH8101_rela	708689	708709	20	48
Syn_WH8101_rela	708716	709805	1101	48
Syn_WH8101_rela	709829	710000	171	48
Syn_WH8101_rela	710000	710429	429	48
Syn_WH8101_rela	710429	711015	586	48
Syn_WH8101_rela	711023	711067	47	48
Syn_WH8101_rela	711067	711093	26	48
Syn_WH8101_rela	711093	711097	4	48
Syn_WH8101_rela	711109	711113	4	48
Syn_WH8101_rela	711151	711155	4	48
Syn_WH8101_rela	711155	711155	7	48
Syn_WH8101_rela	711155	711726	590	48
Syn_WH8101_rela	711726	712215	489	48
Syn_WH8101_rela	712215	712438	223	48
Syn_WH8101_rela	712474	712519	45	48
Syn_WH8101_rela	712537	712543	6	48
Syn_WH8101_rela	712563	712579	27	48
Syn_WH8101_rela	712592	712593	1	48
Syn_WH8101_rela	712593	712649	56	48
Syn_WH8101_rela	712649	712682	33	48
Syn_WH8101_rela	712682	712682	8	48
Syn_WH8101_rela	712690	712690	1	48
Syn_WH8101_rela	712702	712702	1	48
Syn_WH8101_rela	712716	712954	240	48
Syn_WH8101_rela	712954	712978	55	48
Syn_WH8101_rela	712978	713117	139	48
Syn_WH8101_rela	713129	713156	27	48
Syn_WH8101_rela	713160	713318	167	48
Syn_WH8101_rela	713318	713800	496	48
Syn_WH8101_rela	713813	713844	32	48
Syn_WH8101_rela	713844	714977	1133	48
Syn_WH8101_rela	714977	715237	260	48
Syn_WH8101_rela	715252	715259	13	48
Syn_WH8101_rela	715268	715268	1	48
Syn_WH8101_rela	715268	715485	218	48
Syn_WH8101_rela	715485	716132	647	48
Syn_WH8101_rela	716132	716144	16	48
Syn_WH8101_rela	716159	716159	1	48
Syn_WH8101_rela	718404	718742	339	48
Syn_WH8101_rela	718751	718769	18	48
Syn_WH8101_rela	718779	718956	177	48
Syn_WH8101_rela	718970	718974	4	48
Syn_WH8101_rela	718997	718999	2	48
Syn_WH8101_rela	719025	719053	28	48
Syn_WH8101_rela	719083	719087	4	48
Syn_WH8101_rela	719114	719500	396	48
Syn_WH8101_rela	719893	719893	1	48
Syn_WH8101_rela	719905	720119	220	48
Syn_WH8101_rela	720119	720597	478	48
Syn_WH8101_rela	720597	721029	443	48
Syn_WH8101_rela	721035	721061	26	48
Syn_WH8101_rela	721098	721190	92	48
Syn_WH8101_rela	721206	721214	8	48
Syn_WH8101_rela	721232	721233	1	48
Syn_WH8101_rela	722719	722794	76	48
Syn_WH8101_rela	722823	723029	214	48
Syn_WH8101_rela	723029	723740	711	48
Syn_WH8101_rela	723740	723750	13	48
Syn_WH8101_rela	723758	723758	1	48
Syn_WH8101_rela	736575	736637	62	48
Syn_WH8101_rela	736637	737052	416	48
Syn_WH8101_rela	737069	737136	67	48
Syn_WH8101_rela	737150	737150	7	48
Syn_WH8101_rela	737764	737767	3	48
Syn_WH8101_rela	737783	737840	57	48
Syn_WH8101_rela	737840	737842	2	48
Syn_WH8101_rela	737853	737893	55	48
Syn_WH8101_rela	737893	738133	240	48
Syn_WH8101_rela	738144	738144	110	48
Syn_WH8101_rela	738150	738151	1	48
Syn_WH8101_rela	738361	738363	3	48
Syn_WH8101_rela	738395	738402	7	48
Syn_WH8101_rela	738408	738462	79	48
Syn_WH8101_rela	738468	738547	79	48
Syn_WH8101_rela	738554	738554	1	48
Syn_WH8101_rela	738927	739237	310	48
Syn_WH8101_rela	739249	739263	14	48
Syn_WH8101_rela	739284	739389	110	48
Syn_WH8101_rela	739409	739414	15	48
Syn_WH8101_rela	739432	739616	184	48
Syn_WH8101_rela	739633	739846	219	48
Syn_WH8101_rela	740029	740144	115	48
Syn_WH8101_rela	740144	740186	42	48
Syn_WH8101_rela	740186	740296	110	48
Syn_WH8101_rela	740296	740706	427	48
Syn_WH8101_rela	741128	741326	204	48
Syn_WH8101_rela	741328	741893	565	48
Syn_WH8101_rela	741902	742013	114	48
Syn_WH8101_rela	742030	742155	125	48
Syn_WH8101_rela	742155	742667	515	48
Syn_WH8101_rela	742705	743464	767	48
Syn_WH8101_rela	743489	743707	219	48
Syn_WH8101_rela	743707	744547	840	48
Syn_WH8101_rela	750229	750251	22	48
Syn_WH8101_rela	750266	750478	212	48
Syn_WH8101_rela	750478	751155	680	48
Syn_WH8101_rela	751155	751576	421	48
Syn_WH8101_rela	751576	751812	236	48
Syn_WH8101_rela	751812	752737	938	48
Syn_WH8101_rela	752737	752739	2	48
Syn_WH8101_rela	752744	752748	7	48
Syn_WH8101_rela	752752	752752	1	48
Syn_WH8101_rela	752849	752868	20	48
Syn_WH8101_rela	752868	752912	53	48
Syn_WH8101_rela	752912	752923	11	48
Syn_WH8101_rela	752923	753324	401	48
Syn_WH8101_rela	753354	753355	1	48
Syn_WH8101_rela	756149	756462	313	48
Syn_WH8101_rela	756462	757862	1400	48
Syn_WH8101_rela	757862	757899	37	48
Syn_WH8101_rela	757899	757900	5	48
Syn_WH8101_rela	757911	757912	1	48
Syn_WH8101_rela	757916	758918	1003	48
Syn_WH8101_rela	758960	758976	35	48
Syn_WH8101_rela	758993	759231	244	48
Syn_WH8101_rela	759231	759609	378	48
Syn_WH8101_rela	759649	759668	19	48
Syn_WH8101_rela	759686	759726	40	48
Syn_WH8101_rela	759726	759741	15	48
Syn_WH8101_rela	808478	808517	42	48
Syn_WH8101_rela	808517	808635	125	48
Syn_WH8101_rela	808635	808645	17	48
Syn_WH8101_rela	808647	808961	317	48
Syn_WH8101_rela	808961	809208	247	48
Syn_WH8101_rela	809222	809304	100	48
Syn_WH8101_rela	809304	809877	573	48
Syn_WH8101_rela	809877	809881	4	48
Syn_WH8101_rela	809892	809893	1	48
Syn_WH8101_rela	809923	810219	296	48
Syn_WH8101_rela	810219	810473	254	48
Syn_WH8101_rela	810485	810675	196	48
Syn_WH8101_rela	810690	811404	755	48
Syn_WH8101_rela	811422	811434	12	48
Syn_WH8101_rela	811440	811462	22	48
Syn_WH8101_rela	811476	811600	124	48
Syn_WH8101_rela	811610	811775	174	48
Syn_WH8101_rela	811808	811941	133	48
Syn_WH8101_rela	811941	812379	438	48
Syn_WH8101_rela	812389	812389	1	48
Syn_WH8101_rela	812402	812778	378	48
Syn_WH8101_rela	812804	812824	26	48
Syn_WH8101_rela	812842	813139	297	48
Syn_WH8101_rela	813139	813534	398	48
Syn_WH8101_rela	813534	813797	263	48
Syn_WH8101_rela	813816	813817	1	48
Syn_WH8101_rela	813842	813882	41	48
Syn_WH8101_rela	813900	814099	199	48
Syn_WH8101_rela	814099	814107	13	48
Syn_WH8101_rela	814107	814159	52	48
Syn_WH8101_rela	814171	814171	3	48
Syn_WH8101_rela	814177	814917	740	48
Syn_WH8101_rela	814920	815284	394	48
Syn_WH8101_rela	815284	815510	226	48
Syn_WH8101_rela	815951	815962	11	48
Syn_WH8101_rela	815974	816260	286	48
Syn_WH8101_rela	816262	816264	2	48
Syn_WH8101_rela	816264	816264	4	48
Syn_WH8101_rela	816290	816974	684	48
Syn_WH8101_rela	816974	817618	644	48
Syn_WH8101_rela	817618	817623	24	48
Syn_WH8101_rela	817670	817696	26	48
Syn_WH8101_rela	817764	817768	5	48
Syn_WH8101_rela	817780	817780	7	48
Syn_WH8101_rela	817797	817824	27	48
Syn_WH8101_rela	817833	818275	455	48
Syn_WH8101_rela	818285	818286	1	48
Syn_WH8101_rela	818286	819237	955	48
Syn_WH8101_rela	819242	819253	11	48
Syn_WH8101_rela	819259	819521	285	48
Syn_WH8101_rela	819543	819565	22	48
Syn_WH8101_rela	819574	819577	3	48
Syn_WH8101_rela	819577	819630	54	48
Syn_WH8101_rela	819664	819835	180	48
Syn_WH8101_rela	819856	819930	76	48
Syn_WH8101_rela	819930	820199	284	48
Syn_WH8101_rela	821712	821746	45	48
Syn_WH8101_rela	821746	822165	420	48
Syn_WH8101_rela	822183	822215	32	48
Syn_WH8101_rela	822223	822611	395	48
Syn_WH8101_rela	822621	822621	1	48
Syn_WH8101_rela	824025	824432	407	48
Syn_WH8101_rela	824456	824574	118	48
Syn_WH8101_rela	824584	824584	1	48
Syn_WH8101_rela	824935	825924	989	48
Syn_WH8101_rela	825940	826217	295	48
Syn_WH8101_rela	826237	826249	12	48
Syn_WH8101_rela	826257	826258	1	48
Syn_WH8101_rela	826258	826623	371	48
Syn_WH8101_rela	826623	827090	467	48
Syn_WH8101_rela	827090	827564	477	48
Syn_WH8101_rela	827574	827574	7	48
Syn_WH8101_rela	827607	827639	32	48
Syn_WH8101_rela	828323	828463	145	48
Syn_WH8101_rela	828469	828504	38	48
Syn_WH8101_rela	828513	828757	244	48
Syn_WH8101_rela	828772	828783	11	48
Syn_WH8101_rela	828801	828868	67	48
Syn_WH8101_rela	828868	829411	543	48
Syn_WH8101_rela	829411	829841	430	48
Syn_WH8101_rela	829870	829879	9	48
Syn_WH8101_rela	829882	829882	1	48
Syn_WH8101_rela	829888	831140	1252	48
Syn_WH8101_rela	831140	831547	407	48
Syn_WH8101_rela	831559	831759	200	48
Syn_WH8101_rela	831778	831786	8	48
Syn_WH8101_rela	831818	831818	1	48
Syn_WH8101_rela	832804	832824	20	48
Syn_WH8101_rela	832842	832843	1	48
Syn_WH8101_rela	832857	833108	257	48
Syn_WH8101_rela	833108	833631	523	48
Syn_WH8101_rela	833631	833901	276	48
Syn_WH8101_rela	833917	833995	89	48
Syn_WH8101_rela	834010	834022	12	48
Syn_WH8101_rela	834038	834038	1	48
Syn_WH8101_rela	834038	834038	2	48
Syn_WH8101_rela	834046	834055	9	48
Syn_WH8101_rela	834078	834782	704	48
Syn_WH8101_rela	834782	835182	400	48
Syn_WH8101_rela	843867	844154	287	48
Syn_WH8101_rela	844197	844212	15	48
Syn_WH8101_rela	844228	844310	82	48
Syn_WH8101_rela	844310	844367	57	48
Syn_WH8101_rela	844367	844634	267	48
Syn_WH8101_rela	844649	844655	6	48
Syn_WH8101_rela	844663	844681	25	48
Syn_WH8101_rela	844690	844711	21	48
Syn_WH8101_rela	844735	844758	24	48
Syn_WH8101_rela	844782	845123	356	48
Syn_WH8101_rela	845130	845130	1	48
Syn_WH8101_rela	845527	845795	286	48
Syn_WH8101_rela	845798	845800	2	48
Syn_WH8101_rela	845805	845874	104	48
Syn_WH8101_rela	845894	845940	52	48
Syn_WH8101_rela	845975	845982	7	48
Syn_WH8101_rela	846022	846023	1	48
Syn_WH8101_rela	846047	846052	15	48
Syn_WH8101_rela	846842	847316	474	48
Syn_WH8101_rela	847341	847342	1	48
Syn_WH8101_rela	847342	848144	803	48
Syn_WH8101_rela	852125	852140	15	48
Syn_WH8101_rela	852153	852183	30	48
Syn_WH8101_rela	852200	852229	41	48
Syn_WH8101_rela	852237	852893	713	48
Syn_WH8101_rela	852918	853564	656	48
Syn_WH8101_rela	853585	853907	322	48
Syn_WH8101_rela	853923	853991	71	48
Syn_WH8101_rela	854011	854083	74	48
Syn_WH8101_rela	854120	854140	20	48
Syn_WH8101_rela	854140	855306	1166	48
Syn_WH8101_rela	855321	855337	16	48
Syn_WH8101_rela	855395	855703	308	48
Syn_WH8101_rela	855719	855721	2	48
Syn_WH8101_rela	855736	855781	45	48
Syn_WH8101_rela	855795	855795	1	48
Syn_WH8101_rela	855949	855949	6	48
Syn_WH8101_rela	855956	855956	1	48
Syn_WH8101_rela	855956	855990	39	48
Syn_WH8101_rela	855990	858191	2210	48
Syn_WH8101_rela	858200	858220	20	48
Syn_WH8101_rela	858235	858235	7	48
Syn_WH8101_rela	858235	858539	314	48
Syn_WH8101_rela	858550	858557	7	48
Syn_WH8101_rela	858572	858572	12	48
Syn_WH8101_rela	858595	858601	6	48
Syn_WH8101_rela	858630	858636	6	48
Syn_WH8101_rela	858636	859151	562	48
Syn_WH8101_rela	859151	859570	422	48
Syn_WH8101_rela	859570	859829	259	48
Syn_WH8101_rela	859840	859843	6	48
Syn_WH8101_rela	859851	859851	1	48
Syn_WH8101_rela	859861	860608	764	48
Syn_WH8101_rela	860608	861406	798	48
Syn_WH8101_rela	861424	861440	16	48
Syn_WH8101_rela	861459	861478	19	48
Syn_WH8101_rela	861478	863141	1665	48
Syn_WH8101_rela	863181	863181	1	48
Syn_WH8101_rela	863186	863983	797	48
Syn_WH8101_rela	863987	863987	2	48
Syn_WH8101_rela	863987	864128	141	48
Syn_WH8101_rela	864138	864139	1	48
Syn_WH8101_rela	869384	869384	1	48
Syn_WH8101_rela	869384	869872	488	48
Syn_WH8101_rela	869872	870204	332	48
Syn_WH8101_rela	870220	870230	10	48
Syn_WH8101_rela	870239	870239	1	48
Syn_WH8101_rela	870239	871505	1305	48
Syn_WH8101_rela	871505	871793	291	48
Syn_WH8101_rela	871793	872409	616	48
Syn_WH8101_rela	872409	872440	31	48
Syn_WH8101_rela	875460	875460	10	48
Syn_WH8101_rela	875462	875710	248	48
Syn_WH8101_rela	876743	876743	5	48
Syn_WH8101_rela	876749	877213	473	48
Syn_WH8101_rela	877240	877478	244	48
Syn_WH8101_rela	877478	877687	209	48
Syn_WH8101_rela	877719	877726	7	48
Syn_WH8101_rela	877728	878441	725	48
Syn_WH8101_rela	878442	878442	5	48
Syn_WH8101_rela	878457	878830	385	48
Syn_WH8101_rela	878830	879738	909	48
Syn_WH8101_rela	879754	879773	20	48
Syn_WH8101_rela	879798	879798	6	48
Syn_WH8101_rela	879798	880163	365	48
Syn_WH8101_rela	880163	881386	1229	48
Syn_WH8101_rela	881451	881451	1	48
Syn_WH8101_rela	881451	882034	583	48
Syn_WH8101_rela	882034	882352	318	48
Syn_WH8101_rela	882372	882386	14	48
Syn_WH8101_rela	882401	882419	18	48
Syn_WH8101_rela	882423	882423	1	48
Syn_WH8101_rela	882424	882603	194	48
Syn_WH8101_rela	882621	882643	22	48
Syn_WH8101_rela	882658	882666	8	48
Syn_WH8101_rela	882699	882702	3	48
Syn_WH8101_rela	882714	882745	44	48
Syn_WH8101_rela	882763	882804	41	48
Syn_WH8101_rela	882824	883306	488	48
Syn_WH8101_rela	883316	883316	1	48
Syn_WH8101_rela	883347	883371	24	48
Syn_WH8101_rela	883404	883413	9	48
Syn_WH8101_rela	883435	883470	35	48
Syn_WH8101_rela	883480	883481	1	48
Syn_WH8101_rela	883481	883565	85	48
Syn_WH8101_rela	883575	884730	1167	48
Syn_WH8101_rela	884730	884758	28	48
Syn_WH8101_rela	884774	884845	73	48
Syn_WH8101_rela	884852	884887	37	48
Syn_WH8101_rela	884887	885396	523	48
Syn_WH8101_rela	885413	885414	1	48
Syn_WH8101_rela	886004	886015	11	48
Syn_WH8101_rela	886033	886035	8	48
Syn_WH8101_rela	886041	886154	125	48
Syn_WH8101_rela	886175	886332	157	48
Syn_WH8101_rela	886332	886551	219	48
Syn_WH8101_rela	886564	886565	1	48
Syn_WH8101_rela	886565	888096	1555	48
Syn_WH8101_rela	888096	888633	537	48
Syn_WH8101_rela	888688	888747	59	48
Syn_WH8101_rela	889120	889747	654	48
Syn_WH8101_rela	889776	889783	7	48
Syn_WH8101_rela	889906	890896	990	48
Syn_WH8101_rela	890904	890939	37	48
Syn_WH8101_rela	890948	890974	26	48
Syn_WH8101_rela	890974	890987	14	48
Syn_WH8101_rela	890987	891120	133	48
Syn_WH8101_rela	891129	891406	286	48
Syn_WH8101_rela	891435	891459	24	48
Syn_WH8101_rela	891482	891486	4	48
Syn_WH8101_rela	891518	891546	28	48
Syn_WH8101_rela	891546	892336	812	48
Syn_WH8101_rela	892336	892379	43	48
Syn_WH8101_rela	892386	892421	35	48
Syn_WH8101_rela	892428	892428	1	48
Syn_WH8101_rela	892440	892445	5	48
Syn_WH8101_rela	892463	892463	1	48
Syn_WH8101_rela	893759	894007	249	48
Syn_WH8101_rela	894031	894480	451	48
Syn_WH8101_rela	895203	895213	10	48
Syn_WH8101_rela	895214	895239	30	48
Syn_WH8101_rela	895249	895284	35	48
Syn_WH8101_rela	895284	895468	187	48
Syn_WH8101_rela	895494	895511	17	48
Syn_WH8101_rela	895529	895552	23	48
Syn_WH8101_rela	895565	895576	11	48
Syn_WH8101_rela	895606	895645	39	48
Syn_WH8101_rela	895645	895754	109	48
Syn_WH8101_rela	895765	895788	25	48
Syn_WH8101_rela	895800	895999	208	48
Syn_WH8101_rela	900339	900339	9	48
Syn_WH8101_rela	900347	900567	225	48
Syn_WH8101_rela	900578	901115	537	48
Syn_WH8101_rela	901115	901510	395	48
Syn_WH8101_rela	904333	904407	74	48
Syn_WH8101_rela	904416	904416	7	48
Syn_WH8101_rela	904416	904416	1	48
Syn_WH8101_rela	904443	905044	623	48
Syn_WH8101_rela	905062	905062	1	48
Syn_WH8101_rela	905086	905581	507	48
Syn_WH8101_rela	905590	905590	1	48
Syn_WH8101_rela	905590	905590	14	48
Syn_WH8101_rela	905596	905970	377	48
Syn_WH8101_rela	905984	905986	2	48
Syn_WH8101_rela	905995	906036	41	48
Syn_WH8101_rela	906036	906410	374	48
Syn_WH8101_rela	906410	907059	665	48
Syn_WH8101_rela	907060	907067	14	48
Syn_WH8101_rela	907103	907155	52	48
Syn_WH8101_rela	907155	907551	396	48
Syn_WH8101_rela	907551	908178	627	48
Syn_WH8101_rela	908187	908187	11	48
Syn_WH8101_rela	908196	908231	35	48
Syn_WH8101_rela	908237	908237	3	48
Syn_WH8101_rela	908281	908282	1	48
Syn_WH8101_rela	908282	909228	949	48
Syn_WH8101_rela	909228	909672	444	48
Syn_WH8101_rela	909685	909849	168	48
Syn_WH8101_rela	909882	909882	1	48
Syn_WH8101_rela	909893	910158	265	48
Syn_WH8101_rela	910167	910299	132	48
Syn_WH8101_rela	910327	910361	36	48
Syn_WH8101_rela	910368	910420	61	48
Syn_WH8101_rela	910420	911009	589	48
Syn_WH8101_rela	911009	911749	749	48
Syn_WH8101_rela	911770	911811	42	48
Syn_WH8101_rela	911811	912677	900	48
Syn_WH8101_rela	912677	913164	487	48
Syn_WH8101_rela	913164	913390	226	48
Syn_WH8101_rela	913409	913440	31	48
Syn_WH8101_rela	913450	913454	4	48
Syn_WH8101_rela	913489	913725	242	48
Syn_WH8101_rela	914447	914447	5	48
Syn_WH8101_rela	914478	914478	1	48
Syn_WH8101_rela	915414	915657	249	48
Syn_WH8101_rela	915670	915685	15	48
Syn_WH8101_rela	915706	915970	282	48
Syn_WH8101_rela	915970	915987	25	48
Syn_WH8101_rela	915987	916376	449	48
Syn_WH8101_rela	916387	916393	6	48
Syn_WH8101_rela	916408	916511	103	48
Syn_WH8101_rela	916523	916872	349	48
Syn_WH8101_rela	916879	916879	1	48
Syn_WH8101_rela	916879	916879	8	48
Syn_WH8101_rela	916887	917327	440	48
Syn_WH8101_rela	917327	917785	464	48
Syn_WH8101_rela	917799	918011	214	48
Syn_WH8101_rela	918011	918425	415	48
Syn_WH8101_rela	918425	918426	9	48
Syn_WH8101_rela	918436	918443	7	48
Syn_WH8101_rela	918461	919022	571	48
Syn_WH8101_rela	919050	919132	82	48
Syn_WH8101_rela	919146	919175	29	48
Syn_WH8101_rela	926085	926730	655	48
Syn_WH8101_rela	926730	926806	81	48
Syn_WH8101_rela	926806	926961	159	48
Syn_WH8101_rela	926970	926973	3	48
Syn_WH8101_rela	926989	927008	19	48
Syn_WH8101_rela	927020	927020	1	48
Syn_WH8101_rela	928259	928678	427	48
Syn_WH8101_rela	928678	928998	323	48
Syn_WH8101_rela	928998	929679	681	48
Syn_WH8101_rela	929679	929994	336	48
Syn_WH8101_rela	930003	930003	5	48
Syn_WH8101_rela	936230	936344	141	48
Syn_WH8101_rela	936377	936396	19	48
Syn_WH8101_rela	936418	936491	73	48
Syn_WH8101_rela	936503	936507	4	48
Syn_WH8101_rela	936528	936796	268	48
Syn_WH8101_rela	936814	937142	344	48
Syn_WH8101_rela	937150	937150	15	48
Syn_WH8101_rela	937159	937166	7	48
Syn_WH8101_rela	937181	937255	74	48
Syn_WH8101_rela	937285	937285	3	48
Syn_WH8101_rela	937286	937286	15	48
Syn_WH8101_rela	937300	937465	189	48
Syn_WH8101_rela	937470	937470	2	48
Syn_WH8101_rela	937470	937478	8	48
Syn_WH8101_rela	937487	937487	1	48
Syn_WH8101_rela	937496	937508	12	48
Syn_WH8101_rela	937518	937518	5	48
Syn_WH8101_rela	937525	937534	9	48
Syn_WH8101_rela	937544	937555	15	48
Syn_WH8101_rela	937564	937704	157	48
Syn_WH8101_rela	937714	937877	172	48
Syn_WH8101_rela	938521	938739	218	48
Syn_WH8101_rela	938751	938863	112	48
Syn_WH8101_rela	938881	939142	271	48
Syn_WH8101_rela	939157	939229	72	48
Syn_WH8101_rela	939246	939766	520	48
Syn_WH8101_rela	939799	940041	248	48
Syn_WH8101_rela	940048	940048	1	48
Syn_WH8101_rela	944993	945396	403	48
Syn_WH8101_rela	945396	945736	340	48
Syn_WH8101_rela	945765	945779	14	48
Syn_WH8101_rela	945794	945797	3	48
Syn_WH8101_rela	945813	945819	6	48
Syn_WH8101_rela	945872	945872	9	48
Syn_WH8101_rela	945872	946583	729	48
Syn_WH8101_rela	946597	946686	89	48
Syn_WH8101_rela	946698	947119	421	48
Syn_WH8101_rela	947176	947189	13	48
Syn_WH8101_rela	947212	947215	3	48
Syn_WH8101_rela	947215	947449	234	48
Syn_WH8101_rela	947466	947467	1	48
Syn_WH8101_rela	947486	947486	1	48
Syn_WH8101_rela	947486	947811	325	48
Syn_WH8101_rela	947816	948072	259	48
Syn_WH8101_rela	948082	948220	142	48
Syn_WH8101_rela	948225	948904	679	48
Syn_WH8101_rela	948919	949433	526	48
Syn_WH8101_rela	949453	949574	122	48
Syn_WH8101_rela	949844	950217	376	48
Syn_WH8101_rela	950217	950472	255	48
Syn_WH8101_rela	950490	950491	1	48
Syn_WH8101_rela	950507	951051	544	48
Syn_WH8101_rela	951051	951387	336	48
Syn_WH8101_rela	951402	951403	1	48
Syn_WH8101_rela	951426	951428	2	48
Syn_WH8101_rela	951449	951449	1	48
Syn_WH8101_rela	951452	951469	17	48
Syn_WH8101_rela	951485	951543	58	48
Syn_WH8101_rela	951554	951562	8	48
Syn_WH8101_rela	951580	951609	29	48
Syn_WH8101_rela	951625	951670	45	48
Syn_WH8101_rela	951687	952060	373	48
Syn_WH8101_rela	952074	952240	166	48
Syn_WH8101_rela	952240	952260	20	48
Syn_WH8101_rela	952277	952325	48	48
Syn_WH8101_rela	952367	952416	56	48
Syn_WH8101_rela	952416	953721	1305	48
Syn_WH8101_rela	953730	953744	14	48
Syn_WH8101_rela	953763	953765	2	48
Syn_WH8101_rela	953791	953919	128	48
Syn_WH8101_rela	953929	953929	1	48
Syn_WH8101_rela	953933	953997	64	48
Syn_WH8101_rela	954016	954479	467	48
Syn_WH8101_rela	954490	954492	2	48
Syn_WH8101_rela	954514	954514	1	48
Syn_WH8101_rela	954538	954538	3	48
Syn_WH8101_rela	954552	954573	21	48
Syn_WH8101_rela	954590	954592	2	48
Syn_WH8101_rela	954592	954592	12	48
Syn_WH8101_rela	954601	958625	4024	48
