Chr	Start	Stop	BlockSize	BlockLength	AlnScore
Syn_WH8101_rela	0	33	34	64	-inf
Syn_WH8101_rela	33	40	35	7	-inf
Syn_WH8101_rela	40	260	46	263	-inf
Syn_WH8101_rela	260	764	48	539	-inf
Syn_WH8101_rela	764	1479	48	751	-inf
Syn_WH8101_rela	1479	1964	48	495	-inf
Syn_WH8101_rela	1964	2023	48	180	-inf
Syn_WH8101_rela	2023	2180	48	251	-inf
Syn_WH8101_rela	2180	3511	48	1336	-inf
Syn_WH8101_rela	3511	4280	48	828	-inf
Syn_WH8101_rela	4280	4506	48	298	-inf
Syn_WH8101_rela	4506	4574	48	84	-inf
Syn_WH8101_rela	4574	4976	48	460	-inf
Syn_WH8101_rela	4976	5478	48	601	-inf
Syn_WH8101_rela	5478	6304	48	1020	-inf
Syn_WH8101_rela	6304	6794	48	520	-inf
Syn_WH8101_rela	6794	8810	48	2063	-inf
Syn_WH8101_rela	8810	9157	48	347	-inf
Syn_WH8101_rela	9157	9711	48	630	-inf
Syn_WH8101_rela	9711	10153	48	445	-inf
Syn_WH8101_rela	10153	11146	48	1100	-inf
Syn_WH8101_rela	11146	12673	48	1669	-inf
Syn_WH8101_rela	12673	12712	48	58	-inf
Syn_WH8101_rela	12712	12747	48	160	-inf
Syn_WH8101_rela	12747	12760	48	28	-inf
Syn_WH8101_rela	12760	12830	48	80	-inf
Syn_WH8101_rela	12830	12831	48	1	-inf
Syn_WH8101_rela	12831	12874	48	134	-inf
Syn_WH8101_rela	12874	12896	46	64	-inf
Syn_WH8101_rela	12896	12897	36	1	-inf
Syn_WH8101_rela	12897	12911	46	94	-inf
Syn_WH8101_rela	12911	12926	46	43	-inf
Syn_WH8101_rela	12926	13068	48	225	-inf
Syn_WH8101_rela	13068	13464	48	399	-inf
Syn_WH8101_rela	13464	14105	48	661	-inf
Syn_WH8101_rela	14105	14126	48	21	-inf
Syn_WH8101_rela	14126	14514	48	408	-inf
Syn_WH8101_rela	14514	15607	48	1148	-inf
Syn_WH8101_rela	15607	17106	48	1552	-inf
Syn_WH8101_rela	17106	17396	48	320	-inf
Syn_WH8101_rela	17396	17421	48	67	-inf
Syn_WH8101_rela	17421	17435	43	41	-inf
Syn_WH8101_rela	17435	17475	43	145	-inf
Syn_WH8101_rela	17475	17484	46	36	-inf
Syn_WH8101_rela	17484	17523	48	42	-inf
Syn_WH8101_rela	17523	17527	41	7	-inf
Syn_WH8101_rela	17527	17945	48	569	-inf
Syn_WH8101_rela	17945	18183	48	238	-inf
Syn_WH8101_rela	18183	18838	48	727	-inf
Syn_WH8101_rela	18838	19264	48	448	-inf
Syn_WH8101_rela	19264	19745	48	507	-inf
Syn_WH8101_rela	19745	20268	48	539	-inf
Syn_WH8101_rela	20268	20485	48	217	-inf
Syn_WH8101_rela	20485	20492	48	28	-inf
Syn_WH8101_rela	20492	20494	45	3	-inf
Syn_WH8101_rela	20494	21597	46	1190	-inf
Syn_WH8101_rela	21597	21611	41	35	-inf
Syn_WH8101_rela	21611	21628	39	37	-inf
Syn_WH8101_rela	21628	21636	41	9	-inf
Syn_WH8101_rela	21636	21638	41	2	-inf
Syn_WH8101_rela	21638	21640	41	2	-inf
Syn_WH8101_rela	21640	21784	40	182	-inf
Syn_WH8101_rela	21784	21848	42	69	-inf
Syn_WH8101_rela	21848	22110	42	273	-inf
Syn_WH8101_rela	22110	22327	42	217	-inf
Syn_WH8101_rela	22327	22528	42	201	-inf
Syn_WH8101_rela	22528	22863	42	346	-inf
Syn_WH8101_rela	22863	23199	42	336	-inf
Syn_WH8101_rela	23199	23697	45	498	-inf
Syn_WH8101_rela	23697	24190	46	496	-inf
Syn_WH8101_rela	24190	24213	43	42	-inf
Syn_WH8101_rela	24213	24290	44	164	-inf
Syn_WH8101_rela	24290	24401	47	111	-inf
Syn_WH8101_rela	24401	24469	47	87	-inf
Syn_WH8101_rela	24469	24769	48	442	-inf
Syn_WH8101_rela	24769	25378	48	681	-inf
Syn_WH8101_rela	25378	25704	48	337	-inf
Syn_WH8101_rela	25704	26844	48	1206	-inf
Syn_WH8101_rela	26844	27259	48	457	-inf
Syn_WH8101_rela	27259	27615	48	365	-inf
Syn_WH8101_rela	27615	28074	48	469	-inf
Syn_WH8101_rela	28074	28664	48	610	-inf
Syn_WH8101_rela	28664	29118	48	522	-inf
Syn_WH8101_rela	29118	29665	48	559	-inf
Syn_WH8101_rela	29665	30575	48	1051	-inf
Syn_WH8101_rela	30575	30576	42	1	-inf
Syn_WH8101_rela	30576	30582	53	6	-inf
Syn_WH8101_rela	30582	31027	53	502	-inf
Syn_WH8101_rela	31027	31029	87	2	-inf
Syn_WH8101_rela	31029	31044	53	20	-inf
Syn_WH8101_rela	31044	31575	87	531	-inf
Syn_WH8101_rela	31575	31721	53	164	-inf
Syn_WH8101_rela	31721	32695	48	1077	-inf
Syn_WH8101_rela	32695	33832	48	1186	-inf
Syn_WH8101_rela	33832	34605	48	855	-inf
Syn_WH8101_rela	34605	35883	48	1368	-inf
Syn_WH8101_rela	35883	36104	48	274	-inf
Syn_WH8101_rela	36104	36381	48	310	-inf
Syn_WH8101_rela	36381	37348	48	1233	-inf
Syn_WH8101_rela	37348	37860	48	587	-inf
Syn_WH8101_rela	37860	39000	48	1186	-inf
Syn_WH8101_rela	39000	39810	48	1014	-inf
Syn_WH8101_rela	39810	40326	48	817	-inf
Syn_WH8101_rela	40326	40769	48	480	-inf
Syn_WH8101_rela	40769	40847	48	100	-inf
Syn_WH8101_rela	40847	41226	48	596	-inf
Syn_WH8101_rela	41226	41487	48	302	-inf
Syn_WH8101_rela	41487	41560	48	123	-inf
Syn_WH8101_rela	41560	41585	48	67	-inf
Syn_WH8101_rela	41585	41931	48	450	-inf
Syn_WH8101_rela	41931	41991	48	110	-inf
Syn_WH8101_rela	41991	43537	48	1668	-inf
Syn_WH8101_rela	43537	44435	48	1052	-inf
Syn_WH8101_rela	44435	44747	48	312	-inf
Syn_WH8101_rela	44747	45992	48	1245	-inf
Syn_WH8101_rela	45992	45999	48	7	-inf
Syn_WH8101_rela	45999	46004	46	19	-inf
Syn_WH8101_rela	46004	46016	41	33	-inf
Syn_WH8101_rela	46016	46019	41	14	-inf
Syn_WH8101_rela	46019	46231	41	246	-inf
Syn_WH8101_rela	46231	46587	2	356	-inf
Syn_WH8101_rela	46587	47221	2	655	-inf
Syn_WH8101_rela	47221	47686	2	465	-inf
Syn_WH8101_rela	47686	55090	2	7404	-inf
Syn_WH8101_rela	55090	55406	48	337	-inf
Syn_WH8101_rela	55406	56226	48	1030	-inf
Syn_WH8101_rela	56226	56658	48	434	-inf
Syn_WH8101_rela	56658	58004	48	1387	-inf
Syn_WH8101_rela	58004	58017	48	30	-inf
Syn_WH8101_rela	58017	58591	48	590	-inf
Syn_WH8101_rela	58591	59199	48	620	-inf
Syn_WH8101_rela	59199	60698	49	1617	-inf
Syn_WH8101_rela	60698	61534	48	868	-inf
Syn_WH8101_rela	61534	61855	48	365	-inf
Syn_WH8101_rela	61855	62177	48	449	-inf
Syn_WH8101_rela	62177	62706	48	543	-inf
Syn_WH8101_rela	62706	63377	48	744	-inf
Syn_WH8101_rela	63377	63384	48	7	-inf
Syn_WH8101_rela	63384	63423	48	66	-inf
Syn_WH8101_rela	63423	63993	48	748	-inf
Syn_WH8101_rela	63993	64283	48	290	-inf
Syn_WH8101_rela	64283	64981	48	783	-inf
Syn_WH8101_rela	64981	65185	48	251	-inf
Syn_WH8101_rela	65185	65401	48	306	-inf
Syn_WH8101_rela	65401	65645	48	244	-inf
Syn_WH8101_rela	65645	66151	49	516	-inf
Syn_WH8101_rela	66151	66304	49	159	-inf
Syn_WH8101_rela	66304	67297	52	999	-inf
Syn_WH8101_rela	67297	67321	6	24	-inf
Syn_WH8101_rela	67321	68782	7	1487	-inf
Syn_WH8101_rela	68782	68936	6	160	-inf
Syn_WH8101_rela	68936	69278	7	387	-inf
Syn_WH8101_rela	69278	69462	7	203	-inf
Syn_WH8101_rela	69462	69530	7	84	-inf
Syn_WH8101_rela	69530	69566	7	47	-inf
Syn_WH8101_rela	69566	69699	7	177	-inf
Syn_WH8101_rela	69699	69744	7	48	-inf
Syn_WH8101_rela	69744	69795	7	73	-inf
Syn_WH8101_rela	69795	69891	7	120	-inf
Syn_WH8101_rela	69891	69913	7	27	-inf
Syn_WH8101_rela	69913	70211	7	364	-inf
Syn_WH8101_rela	70211	70283	6	74	-inf
Syn_WH8101_rela	70283	70288	51	5	-inf
Syn_WH8101_rela	70288	70291	39	3	-inf
Syn_WH8101_rela	70291	70294	39	3	-inf
Syn_WH8101_rela	70294	70298	36	4	-inf
Syn_WH8101_rela	70298	70375	6	88	-inf
Syn_WH8101_rela	70375	70390	6	20	-inf
Syn_WH8101_rela	70390	70394	6	4	-inf
Syn_WH8101_rela	70394	70688	54	312	-inf
Syn_WH8101_rela	70688	71949	49	1267	-inf
Syn_WH8101_rela	71949	71955	49	9	-inf
Syn_WH8101_rela	71955	71972	47	37	-inf
Syn_WH8101_rela	71972	71977	47	13	-inf
Syn_WH8101_rela	71977	71979	22	2	-inf
Syn_WH8101_rela	71979	72004	46	79	-inf
Syn_WH8101_rela	72004	72036	48	37	-inf
Syn_WH8101_rela	72036	72059	48	41	-inf
Syn_WH8101_rela	72059	72074	47	20	-inf
Syn_WH8101_rela	72074	72080	47	29	-inf
Syn_WH8101_rela	72080	72107	48	81	-inf
Syn_WH8101_rela	72107	72108	42	1	-inf
Syn_WH8101_rela	72108	72123	45	75	-inf
Syn_WH8101_rela	72123	72142	45	35	-inf
Syn_WH8101_rela	72142	72146	40	8	-inf
Syn_WH8101_rela	72146	72335	48	348	-inf
Syn_WH8101_rela	72335	72577	48	301	-inf
Syn_WH8101_rela	72577	72580	47	3	-inf
Syn_WH8101_rela	72580	72590	47	20	-inf
Syn_WH8101_rela	72590	72624	48	112	-inf
Syn_WH8101_rela	72624	72751	48	281	-inf
Syn_WH8101_rela	72751	72752	46	1	-inf
Syn_WH8101_rela	72752	72783	48	97	-inf
Syn_WH8101_rela	72783	72785	48	2	-inf
Syn_WH8101_rela	72785	73110	48	329	-inf
Syn_WH8101_rela	73110	73906	48	826	-inf
Syn_WH8101_rela	73906	74026	48	175	-inf
Syn_WH8101_rela	74026	74280	48	299	-inf
Syn_WH8101_rela	74280	74594	48	314	-inf
Syn_WH8101_rela	74594	74616	48	22	-inf
Syn_WH8101_rela	74616	75086	48	476	-inf
Syn_WH8101_rela	75086	75796	48	714	-inf
Syn_WH8101_rela	75796	76118	48	347	-inf
Syn_WH8101_rela	76118	76940	48	942	-inf
Syn_WH8101_rela	76940	78285	48	1359	-inf
Syn_WH8101_rela	78285	78431	48	264	-inf
Syn_WH8101_rela	78431	78758	48	327	-inf
Syn_WH8101_rela	78758	79468	48	722	-inf
Syn_WH8101_rela	79468	79693	48	225	-inf
Syn_WH8101_rela	79693	80439	48	820	-inf
Syn_WH8101_rela	80439	82275	48	1914	-inf
Syn_WH8101_rela	82275	82355	48	143	-inf
Syn_WH8101_rela	82355	82582	30	257	-inf
Syn_WH8101_rela	82582	83070	3	488	-inf
Syn_WH8101_rela	83070	83838	3	768	-inf
Syn_WH8101_rela	83838	84927	3	1089	-inf
Syn_WH8101_rela	84927	85396	23	479	-inf
Syn_WH8101_rela	85396	85636	24	257	-inf
Syn_WH8101_rela	85636	85992	23	360	-inf
Syn_WH8101_rela	85992	87267	24	1397	-inf
Syn_WH8101_rela	87267	87285	22	21	-inf
Syn_WH8101_rela	87285	87550	22	312	-inf
Syn_WH8101_rela	87550	87868	22	318	-inf
Syn_WH8101_rela	87868	87877	22	9	-inf
Syn_WH8101_rela	87877	87902	22	46	-inf
Syn_WH8101_rela	87902	88119	67	310	-inf
Syn_WH8101_rela	88119	88137	46	21	-inf
Syn_WH8101_rela	88137	88151	25	14	-inf
Syn_WH8101_rela	88151	88156	25	5	-inf
Syn_WH8101_rela	88156	88160	25	4	-inf
Syn_WH8101_rela	88160	88170	22	18	-inf
Syn_WH8101_rela	88170	88198	21	63	-inf
Syn_WH8101_rela	88198	88199	21	1	-inf
Syn_WH8101_rela	88199	88209	23	13	-inf
Syn_WH8101_rela	88209	90077	26	1873	-inf
Syn_WH8101_rela	90077	90194	26	126	-inf
Syn_WH8101_rela	90194	90239	26	48	-inf
Syn_WH8101_rela	90239	90255	23	43	-inf
Syn_WH8101_rela	90255	90729	22	490	-inf
Syn_WH8101_rela	90729	91001	24	282	-inf
Syn_WH8101_rela	91001	91368	26	391	-inf
Syn_WH8101_rela	91368	92095	22	738	-inf
Syn_WH8101_rela	92095	92104	15	14	-inf
Syn_WH8101_rela	92104	92107	19	3	-inf
Syn_WH8101_rela	92107	92109	19	3	-inf
Syn_WH8101_rela	92109	92314	22	206	-inf
Syn_WH8101_rela	92314	92642	22	334	-inf
Syn_WH8101_rela	92642	93126	22	517	-inf
Syn_WH8101_rela	93126	93481	23	412	-inf
Syn_WH8101_rela	93481	93759	22	302	-inf
Syn_WH8101_rela	93759	93767	23	8	-inf
Syn_WH8101_rela	93767	93794	29	27	-inf
Syn_WH8101_rela	93794	94068	32	274	-inf
Syn_WH8101_rela	94068	94137	32	87	-inf
Syn_WH8101_rela	94137	94663	32	624	-inf
Syn_WH8101_rela	94663	94907	29	245	-inf
Syn_WH8101_rela	94907	94979	29	213	-inf
Syn_WH8101_rela	94979	96110	29	1139	-inf
Syn_WH8101_rela	96110	96802	32	701	-inf
Syn_WH8101_rela	96802	97138	29	353	-inf
Syn_WH8101_rela	97138	97586	29	590	-inf
Syn_WH8101_rela	97586	97986	18	415	-inf
Syn_WH8101_rela	97986	98394	18	408	-inf
Syn_WH8101_rela	98394	98429	71	53	-inf
Syn_WH8101_rela	98429	98430	48	1	-inf
Syn_WH8101_rela	98430	98435	48	5	-inf
Syn_WH8101_rela	98435	98452	48	71	-inf
Syn_WH8101_rela	98452	98458	42	22	-inf
Syn_WH8101_rela	98458	98467	46	13	-inf
Syn_WH8101_rela	98467	98540	49	143	-inf
Syn_WH8101_rela	98540	98643	48	144	-inf
Syn_WH8101_rela	98643	98651	22	12	-inf
Syn_WH8101_rela	98651	98680	22	46	-inf
Syn_WH8101_rela	98680	98682	22	9	-inf
Syn_WH8101_rela	98682	99030	22	483	-inf
Syn_WH8101_rela	99030	99462	22	432	-inf
Syn_WH8101_rela	99462	99477	22	26	-inf
Syn_WH8101_rela	99477	99500	22	45	-inf
Syn_WH8101_rela	99500	99502	22	2	-inf
Syn_WH8101_rela	99502	99504	22	2	-inf
Syn_WH8101_rela	99504	99509	22	5	-inf
Syn_WH8101_rela	99509	99520	16	15	-inf
Syn_WH8101_rela	99520	99531	16	19	-inf
Syn_WH8101_rela	99531	99553	15	26	-inf
Syn_WH8101_rela	99553	99554	13	1	-inf
Syn_WH8101_rela	99554	99564	23	39	-inf
Syn_WH8101_rela	99564	99693	23	159	-inf
Syn_WH8101_rela	99693	99720	20	36	-inf
Syn_WH8101_rela	99720	99776	22	89	-inf
Syn_WH8101_rela	99776	99838	21	70	-inf
Syn_WH8101_rela	99838	99853	21	15	-inf
Syn_WH8101_rela	99853	99870	17	20	-inf
Syn_WH8101_rela	99870	99918	17	51	-inf
Syn_WH8101_rela	99918	99982	22	96	-inf
Syn_WH8101_rela	99982	100004	22	54	-inf
Syn_WH8101_rela	100004	100026	22	28	-inf
Syn_WH8101_rela	100026	100036	22	17	-inf
Syn_WH8101_rela	100036	100058	23	28	-inf
Syn_WH8101_rela	100058	100124	23	87	-inf
Syn_WH8101_rela	100124	100135	7	11	-inf
Syn_WH8101_rela	100135	100156	13	26	-inf
Syn_WH8101_rela	100156	100181	12	26	-inf
Syn_WH8101_rela	100181	100184	30	4	-inf
Syn_WH8101_rela	100184	100185	28	1	-inf
Syn_WH8101_rela	100185	101860	48	1697	-inf
Syn_WH8101_rela	101860	103003	48	1143	-inf
Syn_WH8101_rela	103003	103004	46	1	-inf
Syn_WH8101_rela	103004	103010	29	6	-inf
Syn_WH8101_rela	103010	103023	29	18	-inf
Syn_WH8101_rela	103023	103024	19	1	-inf
Syn_WH8101_rela	103024	103027	26	3	-inf
Syn_WH8101_rela	103027	103028	27	1	-inf
Syn_WH8101_rela	103028	103052	29	37	-inf
Syn_WH8101_rela	103052	103056	28	7	-inf
Syn_WH8101_rela	103056	103057	23	1	-inf
Syn_WH8101_rela	103057	103062	28	10	-inf
Syn_WH8101_rela	103062	103065	28	4	-inf
Syn_WH8101_rela	103065	103066	27	1	-inf
Syn_WH8101_rela	103066	103067	27	1	-inf
Syn_WH8101_rela	103067	103069	43	2	-inf
Syn_WH8101_rela	103069	103070	44	1	-inf
Syn_WH8101_rela	103070	103123	47	62	-inf
Syn_WH8101_rela	103123	103311	48	224	-inf
Syn_WH8101_rela	103311	103315	48	4	-inf
Syn_WH8101_rela	103315	103804	48	489	-inf
Syn_WH8101_rela	103804	103807	47	12	-inf
Syn_WH8101_rela	103807	103813	47	6	-inf
Syn_WH8101_rela	103813	104878	48	1077	-inf
Syn_WH8101_rela	104878	104885	44	9	-inf
Syn_WH8101_rela	104885	104983	46	166	-inf
Syn_WH8101_rela	104983	105034	43	51	-inf
Syn_WH8101_rela	105034	105470	43	503	-inf
Syn_WH8101_rela	105470	105603	41	158	-inf
Syn_WH8101_rela	105603	105638	43	40	-inf
Syn_WH8101_rela	105638	105652	45	31	-inf
Syn_WH8101_rela	105652	106508	48	981	-inf
Syn_WH8101_rela	106508	106729	48	223	-inf
Syn_WH8101_rela	106729	107021	48	308	-inf
Syn_WH8101_rela	107021	107257	48	258	-inf
Syn_WH8101_rela	107257	107415	52	247	-inf
Syn_WH8101_rela	107415	108057	48	642	-inf
Syn_WH8101_rela	108057	109380	48	1357	-inf
Syn_WH8101_rela	109380	110134	48	866	-inf
Syn_WH8101_rela	110134	110493	48	420	-inf
Syn_WH8101_rela	110493	110497	48	4	-inf
Syn_WH8101_rela	110497	110972	48	486	-inf
Syn_WH8101_rela	110972	110973	48	1	-inf
Syn_WH8101_rela	110973	110977	48	4	-inf
Syn_WH8101_rela	110977	110979	48	5	-inf
Syn_WH8101_rela	110979	111063	48	120	-inf
Syn_WH8101_rela	111063	111521	48	463	-inf
Syn_WH8101_rela	111521	112211	48	711	-inf
Syn_WH8101_rela	112211	112592	48	399	-inf
Syn_WH8101_rela	112592	112602	46	16	-inf
Syn_WH8101_rela	112602	112816	48	243	-inf
Syn_WH8101_rela	112816	113463	48	647	-inf
Syn_WH8101_rela	113463	113549	48	86	-inf
Syn_WH8101_rela	113549	113593	48	44	-inf
Syn_WH8101_rela	113593	113600	48	8	-inf
Syn_WH8101_rela	113600	113603	38	6	-inf
Syn_WH8101_rela	113603	113607	36	5	-inf
Syn_WH8101_rela	113607	113613	37	6	-inf
Syn_WH8101_rela	113613	113632	41	79	-inf
Syn_WH8101_rela	113632	113634	38	2	-inf
Syn_WH8101_rela	113634	113646	51	15	-inf
Syn_WH8101_rela	113646	114435	51	913	-inf
Syn_WH8101_rela	114435	114633	51	310	-inf
Syn_WH8101_rela	114633	114701	37	76	-inf
Syn_WH8101_rela	114701	114709	37	8	-inf
Syn_WH8101_rela	114709	114908	39	209	-inf
Syn_WH8101_rela	114908	115412	29	520	-inf
Syn_WH8101_rela	115412	116581	23	1226	-inf
Syn_WH8101_rela	116581	117189	23	645	-inf
Syn_WH8101_rela	117189	117483	23	295	-inf
Syn_WH8101_rela	117483	117779	23	299	-inf
Syn_WH8101_rela	117779	117885	23	107	-inf
Syn_WH8101_rela	117885	118688	23	887	-inf
Syn_WH8101_rela	118688	118939	23	258	-inf
Syn_WH8101_rela	118939	121354	16	2445	-inf
Syn_WH8101_rela	121354	121499	22	149	-inf
Syn_WH8101_rela	121499	121667	59	242	-inf
Syn_WH8101_rela	121667	121921	46	285	-inf
Syn_WH8101_rela	121921	122888	62	974	-inf
Syn_WH8101_rela	122888	123073	18	185	-inf
Syn_WH8101_rela	123073	123684	3	629	-inf
Syn_WH8101_rela	123684	125018	3	1340	-inf
Syn_WH8101_rela	125018	126822	3	1806	-inf
Syn_WH8101_rela	126822	128790	3	1968	-inf
Syn_WH8101_rela	128790	130319	18	1535	-inf
Syn_WH8101_rela	130319	130320	16	1	-inf
Syn_WH8101_rela	130320	130327	18	7	-inf
Syn_WH8101_rela	130327	130335	22	8	-inf
Syn_WH8101_rela	130335	132994	29	2667	-inf
Syn_WH8101_rela	132994	132996	33	3	-inf
Syn_WH8101_rela	132996	132998	34	7	-inf
Syn_WH8101_rela	132998	132999	34	1	-inf
Syn_WH8101_rela	132999	133077	43	110	-inf
Syn_WH8101_rela	133077	133106	44	44	-inf
Syn_WH8101_rela	133106	133115	44	9	-inf
Syn_WH8101_rela	133115	133340	44	283	-inf
Syn_WH8101_rela	133340	134148	44	878	-inf
Syn_WH8101_rela	134148	134149	41	1	-inf
Syn_WH8101_rela	134149	134152	40	3	-inf
Syn_WH8101_rela	134152	134159	42	7	-inf
Syn_WH8101_rela	134159	134166	44	7	-inf
Syn_WH8101_rela	134166	134167	44	1	-inf
Syn_WH8101_rela	134167	134210	44	72	-inf
Syn_WH8101_rela	134210	134211	42	1	-inf
Syn_WH8101_rela	134211	134225	44	26	-inf
Syn_WH8101_rela	134225	134287	44	64	-inf
Syn_WH8101_rela	134287	135060	44	922	-inf
Syn_WH8101_rela	135060	135061	15	1	-inf
Syn_WH8101_rela	135061	135096	16	50	-inf
Syn_WH8101_rela	135096	135098	14	2	-inf
Syn_WH8101_rela	135098	135109	38	11	-inf
Syn_WH8101_rela	135109	135129	42	20	-inf
Syn_WH8101_rela	135129	135162	42	33	-inf
Syn_WH8101_rela	135162	135204	44	49	-inf
Syn_WH8101_rela	135204	135233	49	56	-inf
Syn_WH8101_rela	135233	135317	48	145	-inf
Syn_WH8101_rela	135317	135782	48	521	-inf
Syn_WH8101_rela	135782	137191	48	1409	-inf
Syn_WH8101_rela	137191	137206	48	47	-inf
Syn_WH8101_rela	137206	137208	46	2	-inf
Syn_WH8101_rela	137208	137213	48	8	-inf
Syn_WH8101_rela	137213	137217	48	5	-inf
Syn_WH8101_rela	137217	137249	48	42	-inf
Syn_WH8101_rela	137249	137262	48	13	-inf
Syn_WH8101_rela	137262	137973	48	882	-inf
Syn_WH8101_rela	137973	138476	48	550	-inf
Syn_WH8101_rela	138476	139905	48	1465	-inf
Syn_WH8101_rela	139905	140281	48	404	-inf
Syn_WH8101_rela	140281	141239	48	1035	-inf
Syn_WH8101_rela	141239	141905	48	669	-inf
Syn_WH8101_rela	141905	142123	48	220	-inf
Syn_WH8101_rela	142123	142255	49	208	-inf
Syn_WH8101_rela	142255	142611	48	356	-inf
Syn_WH8101_rela	142611	143056	48	512	-inf
Syn_WH8101_rela	143056	143331	48	277	-inf
Syn_WH8101_rela	143331	144048	48	728	-inf
Syn_WH8101_rela	144048	144522	48	488	-inf
Syn_WH8101_rela	144522	144798	48	280	-inf
Syn_WH8101_rela	144798	144834	25	36	-inf
Syn_WH8101_rela	144834	145359	48	638	-inf
Syn_WH8101_rela	145359	145971	48	702	-inf
Syn_WH8101_rela	145971	146053	44	102	-inf
Syn_WH8101_rela	146053	146368	44	337	-inf
Syn_WH8101_rela	146368	146439	44	88	-inf
Syn_WH8101_rela	146439	146530	44	107	-inf
Syn_WH8101_rela	146530	146564	44	34	-inf
Syn_WH8101_rela	146564	146977	44	460	-inf
Syn_WH8101_rela	146977	147428	44	612	-inf
Syn_WH8101_rela	147428	147765	47	363	-inf
Syn_WH8101_rela	147765	147766	45	1	-inf
Syn_WH8101_rela	147766	147792	46	37	-inf
Syn_WH8101_rela	147792	147987	48	281	-inf
Syn_WH8101_rela	147987	148061	39	117	-inf
Syn_WH8101_rela	148061	148252	39	221	-inf
Syn_WH8101_rela	148252	148792	39	623	-inf
Syn_WH8101_rela	148792	149509	47	882	-inf
Syn_WH8101_rela	149509	149733	47	224	-inf
Syn_WH8101_rela	149733	149767	47	58	-inf
Syn_WH8101_rela	149767	149814	39	59	-inf
Syn_WH8101_rela	149814	149820	38	6	-inf
Syn_WH8101_rela	149820	149918	47	247	-inf
Syn_WH8101_rela	149918	149931	45	80	-inf
Syn_WH8101_rela	149931	150429	48	543	-inf
Syn_WH8101_rela	150429	151413	48	1108	-inf
Syn_WH8101_rela	151413	151479	48	68	-inf
Syn_WH8101_rela	151479	151591	47	211	-inf
Syn_WH8101_rela	151591	151839	47	248	-inf
Syn_WH8101_rela	151839	152328	47	521	-inf
Syn_WH8101_rela	152328	152658	47	341	-inf
Syn_WH8101_rela	152658	153838	47	1243	-inf
Syn_WH8101_rela	153838	154358	47	535	-inf
Syn_WH8101_rela	154358	154373	47	18	-inf
Syn_WH8101_rela	154373	154535	47	223	-inf
Syn_WH8101_rela	154535	155370	47	835	-inf
Syn_WH8101_rela	155370	155760	47	390	-inf
Syn_WH8101_rela	155760	155882	47	122	-inf
Syn_WH8101_rela	155882	155892	47	10	-inf
Syn_WH8101_rela	155892	155893	45	1	-inf
Syn_WH8101_rela	155893	155900	45	11	-inf
Syn_WH8101_rela	155900	155901	45	1	-inf
Syn_WH8101_rela	155901	155902	46	1	-inf
Syn_WH8101_rela	155902	155925	46	33	-inf
Syn_WH8101_rela	155925	155927	21	2	-inf
Syn_WH8101_rela	155927	155930	23	3	-inf
Syn_WH8101_rela	155930	155933	22	3	-inf
Syn_WH8101_rela	155933	155935	17	2	-inf
Syn_WH8101_rela	155935	156969	24	1047	-inf
Syn_WH8101_rela	156969	157004	47	40	-inf
Syn_WH8101_rela	157004	157090	47	86	-inf
Syn_WH8101_rela	157090	157796	47	706	-inf
Syn_WH8101_rela	157796	159037	47	1299	-inf
Syn_WH8101_rela	159037	160302	47	1308	-inf
Syn_WH8101_rela	160302	160580	47	291	-inf
Syn_WH8101_rela	160580	161420	48	1000	-inf
Syn_WH8101_rela	161420	161873	47	455	-inf
Syn_WH8101_rela	161873	162861	47	988	-inf
Syn_WH8101_rela	162861	162866	47	5	-inf
Syn_WH8101_rela	162866	162874	34	8	-inf
Syn_WH8101_rela	162874	164369	27	1501	-inf
Syn_WH8101_rela	164369	164793	26	444	-inf
Syn_WH8101_rela	164793	164817	21	24	-inf
Syn_WH8101_rela	164817	164823	24	6	-inf
Syn_WH8101_rela	164823	164834	25	19	-inf
Syn_WH8101_rela	164834	164846	44	18	-inf
Syn_WH8101_rela	164846	164891	19	45	-inf
Syn_WH8101_rela	164891	164897	47	8	-inf
Syn_WH8101_rela	164897	164904	47	7	-inf
Syn_WH8101_rela	164904	165487	47	640	-inf
Syn_WH8101_rela	165487	165915	45	470	-inf
Syn_WH8101_rela	165915	165940	45	42	-inf
Syn_WH8101_rela	165940	165941	27	1	-inf
Syn_WH8101_rela	165941	165972	47	46	-inf
Syn_WH8101_rela	165972	165978	47	6	-inf
Syn_WH8101_rela	165978	166104	47	142	-inf
Syn_WH8101_rela	166104	166108	46	4	-inf
Syn_WH8101_rela	166108	166551	46	510	-inf
Syn_WH8101_rela	166551	166561	46	10	-inf
Syn_WH8101_rela	166561	166563	42	2	-inf
Syn_WH8101_rela	166563	166695	42	132	-inf
Syn_WH8101_rela	166695	166738	9	50	-inf
Syn_WH8101_rela	166738	166763	9	25	-inf
Syn_WH8101_rela	166763	166766	13	3	-inf
Syn_WH8101_rela	166766	166769	13	3	-inf
Syn_WH8101_rela	166769	167266	12	522	-inf
Syn_WH8101_rela	167266	167444	36	227	-inf
Syn_WH8101_rela	167444	167511	26	81	-inf
Syn_WH8101_rela	167511	167530	47	33	-inf
Syn_WH8101_rela	167530	167531	38	1	-inf
Syn_WH8101_rela	167531	167945	48	472	-inf
Syn_WH8101_rela	167945	167968	48	23	-inf
Syn_WH8101_rela	167968	168020	48	52	-inf
Syn_WH8101_rela	168020	168026	45	6	-inf
Syn_WH8101_rela	168026	168037	45	11	-inf
Syn_WH8101_rela	168037	168708	48	825	-inf
Syn_WH8101_rela	168708	168963	48	264	-inf
Syn_WH8101_rela	168963	168968	39	10	-inf
Syn_WH8101_rela	168968	169481	46	540	-inf
Syn_WH8101_rela	169481	169980	38	547	-inf
Syn_WH8101_rela	169980	172174	48	2213	-inf
Syn_WH8101_rela	172174	172629	48	550	-inf
Syn_WH8101_rela	172629	172630	21	1	-inf
Syn_WH8101_rela	172630	173004	21	397	-inf
Syn_WH8101_rela	173004	173209	16	205	-inf
Syn_WH8101_rela	173209	173973	26	801	-inf
Syn_WH8101_rela	173973	175169	48	1344	-inf
Syn_WH8101_rela	175169	177098	50	2192	-inf
Syn_WH8101_rela	177098	177434	48	339	-inf
Syn_WH8101_rela	177434	178861	48	1516	-inf
Syn_WH8101_rela	178861	178873	48	53	-inf
Syn_WH8101_rela	178873	179544	48	798	-inf
Syn_WH8101_rela	179544	179804	45	274	-inf
Syn_WH8101_rela	179804	180185	48	469	-inf
Syn_WH8101_rela	180185	180510	48	341	-inf
Syn_WH8101_rela	180510	181512	48	1109	-inf
Syn_WH8101_rela	181512	182274	48	821	-inf
Syn_WH8101_rela	182274	182468	48	239	-inf
Syn_WH8101_rela	182468	182469	48	1	-inf
Syn_WH8101_rela	182469	182521	48	59	-inf
Syn_WH8101_rela	182521	182797	48	313	-inf
Syn_WH8101_rela	182797	182803	45	6	-inf
Syn_WH8101_rela	182803	183004	45	268	-inf
Syn_WH8101_rela	183004	183461	45	464	-inf
Syn_WH8101_rela	183461	183708	48	254	-inf
Syn_WH8101_rela	183708	183709	48	1	-inf
Syn_WH8101_rela	183709	183726	48	59	-inf
Syn_WH8101_rela	183726	183729	38	3	-inf
Syn_WH8101_rela	183729	183731	36	2	-inf
Syn_WH8101_rela	183731	183760	40	49	-inf
Syn_WH8101_rela	183760	183762	37	2	-inf
Syn_WH8101_rela	183762	183788	37	54	-inf
Syn_WH8101_rela	183788	183789	29	1	-inf
Syn_WH8101_rela	183789	183795	30	6	-inf
Syn_WH8101_rela	183795	183798	31	3	-inf
Syn_WH8101_rela	183798	183801	31	10	-inf
Syn_WH8101_rela	183801	183804	33	5	-inf
Syn_WH8101_rela	183804	183807	43	8	-inf
Syn_WH8101_rela	183807	183809	25	2	-inf
Syn_WH8101_rela	183809	183811	27	2	-inf
Syn_WH8101_rela	183811	184628	48	854	-inf
Syn_WH8101_rela	184628	185213	4	609	-inf
Syn_WH8101_rela	185213	186031	48	860	-inf
Syn_WH8101_rela	186031	186577	48	546	-inf
Syn_WH8101_rela	186577	187469	50	909	-inf
Syn_WH8101_rela	187469	187550	48	94	-inf
Syn_WH8101_rela	187550	188155	47	651	-inf
Syn_WH8101_rela	188155	188490	40	338	-inf
Syn_WH8101_rela	188490	188491	40	1	-inf
Syn_WH8101_rela	188491	188568	40	82	-inf
Syn_WH8101_rela	188568	189760	47	1486	-inf
Syn_WH8101_rela	189760	189768	44	27	-inf
Syn_WH8101_rela	189768	189771	33	3	-inf
Syn_WH8101_rela	189771	189777	44	10	-inf
Syn_WH8101_rela	189777	190329	48	741	-inf
Syn_WH8101_rela	190329	191045	48	724	-inf
Syn_WH8101_rela	191045	191245	48	293	-inf
Syn_WH8101_rela	191245	191871	48	730	-inf
Syn_WH8101_rela	191871	192019	48	263	-inf
Syn_WH8101_rela	192019	192116	39	135	-inf
Syn_WH8101_rela	192116	192255	45	295	-inf
Syn_WH8101_rela	192255	192325	44	77	-inf
Syn_WH8101_rela	192325	192637	44	369	-inf
Syn_WH8101_rela	192637	192721	47	132	-inf
Syn_WH8101_rela	192721	192728	46	22	-inf
Syn_WH8101_rela	192728	193240	48	615	-inf
Syn_WH8101_rela	193240	193635	45	514	-inf
Syn_WH8101_rela	193635	194031	46	397	-inf
Syn_WH8101_rela	194031	194394	45	640	-inf
Syn_WH8101_rela	194394	194448	42	66	-inf
Syn_WH8101_rela	194448	194504	42	122	-inf
Syn_WH8101_rela	194504	195014	45	784	-inf
Syn_WH8101_rela	195014	195016	43	2	-inf
Syn_WH8101_rela	195016	195030	43	14	-inf
Syn_WH8101_rela	195030	195036	43	6	-inf
Syn_WH8101_rela	195036	195111	43	156	-inf
Syn_WH8101_rela	195111	195205	41	113	-inf
Syn_WH8101_rela	195205	195207	37	2	-inf
Syn_WH8101_rela	195207	195210	36	3	-inf
Syn_WH8101_rela	195210	195222	36	15	-inf
Syn_WH8101_rela	195222	195264	31	44	-inf
Syn_WH8101_rela	195264	195288	29	40	-inf
Syn_WH8101_rela	195288	195337	33	73	-inf
Syn_WH8101_rela	195337	195447	29	187	-inf
Syn_WH8101_rela	195447	195480	31	78	-inf
Syn_WH8101_rela	195480	195481	30	1	-inf
Syn_WH8101_rela	195481	195491	30	10	-inf
Syn_WH8101_rela	195491	195509	31	20	-inf
Syn_WH8101_rela	195509	195653	34	181	-inf
Syn_WH8101_rela	195653	195832	34	278	-inf
Syn_WH8101_rela	195832	195972	35	210	-inf
Syn_WH8101_rela	195972	195994	32	35	-inf
Syn_WH8101_rela	195994	195996	28	2	-inf
Syn_WH8101_rela	195996	195999	32	11	-inf
Syn_WH8101_rela	195999	196026	33	28	-inf
Syn_WH8101_rela	196026	196111	30	194	-inf
Syn_WH8101_rela	196111	196151	30	58	-inf
Syn_WH8101_rela	196151	196153	29	2	-inf
Syn_WH8101_rela	196153	196157	30	17	-inf
Syn_WH8101_rela	196157	196255	28	153	-inf
Syn_WH8101_rela	196255	196272	30	30	-inf
Syn_WH8101_rela	196272	196279	30	10	-inf
Syn_WH8101_rela	196279	196301	30	26	-inf
Syn_WH8101_rela	196301	196319	27	30	-inf
Syn_WH8101_rela	196319	196416	36	133	-inf
Syn_WH8101_rela	196416	196982	43	841	-inf
Syn_WH8101_rela	196982	197414	40	568	-inf
Syn_WH8101_rela	197414	197430	39	17	-inf
Syn_WH8101_rela	197430	197572	40	264	-inf
Syn_WH8101_rela	197572	197743	43	252	-inf
Syn_WH8101_rela	197743	197762	39	55	-inf
Syn_WH8101_rela	197762	197926	43	333	-inf
Syn_WH8101_rela	197926	198053	40	216	-inf
Syn_WH8101_rela	198053	198174	40	208	-inf
Syn_WH8101_rela	198174	198199	36	73	-inf
Syn_WH8101_rela	198199	198311	41	237	-inf
Syn_WH8101_rela	198311	198413	41	139	-inf
Syn_WH8101_rela	198413	198479	40	76	-inf
Syn_WH8101_rela	198479	198693	42	273	-inf
Syn_WH8101_rela	198693	198716	36	30	-inf
Syn_WH8101_rela	198716	198723	36	16	-inf
Syn_WH8101_rela	198723	198728	36	23	-inf
Syn_WH8101_rela	198728	198745	36	88	-inf
Syn_WH8101_rela	198745	198908	37	245	-inf
Syn_WH8101_rela	198908	198947	33	46	-inf
Syn_WH8101_rela	198947	199281	34	449	-inf
Syn_WH8101_rela	199281	199332	34	90	-inf
Syn_WH8101_rela	199332	199356	34	30	-inf
Syn_WH8101_rela	199356	199395	34	152	-inf
Syn_WH8101_rela	199395	199448	33	68	-inf
Syn_WH8101_rela	199448	199599	36	185	-inf
Syn_WH8101_rela	199599	199626	35	29	-inf
Syn_WH8101_rela	199626	199727	37	147	-inf
Syn_WH8101_rela	199727	199764	39	46	-inf
Syn_WH8101_rela	199764	199815	39	53	-inf
Syn_WH8101_rela	199815	199843	36	54	-inf
Syn_WH8101_rela	199843	199844	16	1	-inf
Syn_WH8101_rela	199844	199847	34	3	-inf
Syn_WH8101_rela	199847	199848	33	1	-inf
Syn_WH8101_rela	199848	199849	32	1	-inf
Syn_WH8101_rela	199849	199860	33	14	-inf
Syn_WH8101_rela	199860	199871	30	17	-inf
Syn_WH8101_rela	199871	199930	31	79	-inf
Syn_WH8101_rela	199930	199937	31	10	-inf
Syn_WH8101_rela	199937	199980	31	50	-inf
Syn_WH8101_rela	199980	200083	31	136	-inf
Syn_WH8101_rela	200083	200164	31	118	-inf
Syn_WH8101_rela	200164	200774	33	894	-inf
Syn_WH8101_rela	200774	200873	16	111	-inf
Syn_WH8101_rela	200873	201499	12	814	-inf
Syn_WH8101_rela	201499	201523	12	35	-inf
Syn_WH8101_rela	201523	201666	26	164	-inf
Syn_WH8101_rela	201666	201687	29	58	-inf
Syn_WH8101_rela	201687	201690	28	3	-inf
Syn_WH8101_rela	201690	201911	29	232	-inf
Syn_WH8101_rela	201911	202583	20	796	-inf
Syn_WH8101_rela	202583	202932	22	414	-inf
Syn_WH8101_rela	202932	203000	21	85	-inf
Syn_WH8101_rela	203000	203616	30	712	-inf
Syn_WH8101_rela	203616	203620	14	4	-inf
Syn_WH8101_rela	203620	204025	13	411	-inf
Syn_WH8101_rela	204025	204216	4	208	-inf
Syn_WH8101_rela	204216	204459	16	269	-inf
Syn_WH8101_rela	204459	205050	22	591	-inf
Syn_WH8101_rela	205050	205150	16	101	-inf
Syn_WH8101_rela	205150	206207	27	1087	-inf
Syn_WH8101_rela	206207	206660	27	464	-inf
Syn_WH8101_rela	206660	206663	21	3	-inf
Syn_WH8101_rela	206663	206670	14	10	-inf
Syn_WH8101_rela	206670	206691	12	35	-inf
Syn_WH8101_rela	206691	206768	12	78	-inf
Syn_WH8101_rela	206768	207667	10	912	-inf
Syn_WH8101_rela	207667	208286	4	635	-inf
Syn_WH8101_rela	208286	209129	4	844	-inf
Syn_WH8101_rela	209129	209366	4	256	-inf
Syn_WH8101_rela	209366	209838	4	489	-inf
Syn_WH8101_rela	209838	210677	4	844	-inf
Syn_WH8101_rela	210677	211235	4	560	-inf
Syn_WH8101_rela	211235	211598	4	369	-inf
Syn_WH8101_rela	211598	211987	4	389	-inf
Syn_WH8101_rela	211987	212422	4	435	-inf
Syn_WH8101_rela	212422	212813	4	391	-inf
Syn_WH8101_rela	212813	213258	4	447	-inf
Syn_WH8101_rela	213258	214648	4	1467	-inf
Syn_WH8101_rela	214648	215460	4	827	-inf
Syn_WH8101_rela	215460	215675	53	231	-inf
Syn_WH8101_rela	215675	216261	30	712	-inf
Syn_WH8101_rela	216261	216853	14	613	-inf
Syn_WH8101_rela	216853	216858	35	6	-inf
Syn_WH8101_rela	216858	216864	40	11	-inf
Syn_WH8101_rela	216864	216866	40	2	-inf
Syn_WH8101_rela	216866	217564	48	699	-inf
Syn_WH8101_rela	217564	218433	48	875	-inf
Syn_WH8101_rela	218433	218652	48	219	-inf
Syn_WH8101_rela	218652	218897	48	291	-inf
Syn_WH8101_rela	218897	219056	48	222	-inf
Syn_WH8101_rela	219056	219167	48	123	-inf
Syn_WH8101_rela	219167	219336	48	193	-inf
Syn_WH8101_rela	219336	219339	26	3	-inf
Syn_WH8101_rela	219339	219342	28	3	-inf
Syn_WH8101_rela	219342	219353	28	12	-inf
Syn_WH8101_rela	219353	219988	5	712	-inf
Syn_WH8101_rela	219988	220337	5	367	-inf
Syn_WH8101_rela	220337	220921	5	584	-inf
Syn_WH8101_rela	220921	221221	5	300	-inf
Syn_WH8101_rela	221221	221226	28	5	-inf
Syn_WH8101_rela	221226	221229	28	3	-inf
Syn_WH8101_rela	221229	222336	29	1233	-inf
Syn_WH8101_rela	222336	222809	38	508	-inf
Syn_WH8101_rela	222809	222812	37	3	-inf
Syn_WH8101_rela	222812	223239	45	504	-inf
Syn_WH8101_rela	223239	223339	45	156	-inf
Syn_WH8101_rela	223339	223343	48	27	-inf
Syn_WH8101_rela	223343	223384	48	59	-inf
Syn_WH8101_rela	223384	223386	48	2	-inf
Syn_WH8101_rela	223386	223394	48	8	-inf
Syn_WH8101_rela	223394	223462	48	107	-inf
Syn_WH8101_rela	223462	223472	48	27	-inf
Syn_WH8101_rela	223472	223961	48	761	-inf
Syn_WH8101_rela	223961	224349	48	549	-inf
Syn_WH8101_rela	224349	224819	48	753	-inf
Syn_WH8101_rela	224819	224821	46	2	-inf
Syn_WH8101_rela	224821	224861	48	127	-inf
Syn_WH8101_rela	224861	225249	48	683	-inf
Syn_WH8101_rela	225249	225433	48	231	-inf
Syn_WH8101_rela	225433	226589	48	1167	-inf
Syn_WH8101_rela	226589	227159	48	618	-inf
Syn_WH8101_rela	227159	227940	48	932	-inf
Syn_WH8101_rela	227940	228006	48	68	-inf
Syn_WH8101_rela	228006	228480	48	594	-inf
Syn_WH8101_rela	228480	228691	48	412	-inf
Syn_WH8101_rela	228691	228693	22	2	-inf
Syn_WH8101_rela	228693	228704	21	11	-inf
Syn_WH8101_rela	228704	228720	21	27	-inf
Syn_WH8101_rela	228720	228722	21	2	-inf
Syn_WH8101_rela	228722	228808	12	111	-inf
Syn_WH8101_rela	228808	229736	12	964	-inf
Syn_WH8101_rela	229736	230427	4	703	-inf
Syn_WH8101_rela	230427	231229	4	826	-inf
Syn_WH8101_rela	231229	231521	4	292	-inf
Syn_WH8101_rela	231521	231682	4	167	-inf
Syn_WH8101_rela	231682	231974	4	306	-inf
Syn_WH8101_rela	231974	231983	4	9	-inf
Syn_WH8101_rela	231983	231995	31	21	-inf
Syn_WH8101_rela	231995	232005	49	22	-inf
Syn_WH8101_rela	232005	232007	21	2	-inf
Syn_WH8101_rela	232007	232380	23	458	-inf
Syn_WH8101_rela	232380	232390	12	10	-inf
Syn_WH8101_rela	232390	232585	12	202	-inf
Syn_WH8101_rela	232585	232624	11	43	-inf
Syn_WH8101_rela	232624	232863	12	243	-inf
Syn_WH8101_rela	232863	233144	11	321	-inf
Syn_WH8101_rela	233144	233290	8	183	-inf
Syn_WH8101_rela	233290	233534	9	249	-inf
Syn_WH8101_rela	233534	233584	9	56	-inf
Syn_WH8101_rela	233584	233605	9	24	-inf
Syn_WH8101_rela	233605	233607	9	2	-inf
Syn_WH8101_rela	233607	233926	11	399	-inf
Syn_WH8101_rela	233926	233987	11	78	-inf
Syn_WH8101_rela	233987	234079	10	103	-inf
Syn_WH8101_rela	234079	234104	3	26	-inf
Syn_WH8101_rela	234104	234143	3	39	-inf
Syn_WH8101_rela	234143	235147	3	1005	-inf
Syn_WH8101_rela	235147	235918	3	771	-inf
Syn_WH8101_rela	235918	238852	3	2953	-inf
Syn_WH8101_rela	238852	242633	3	3792	-inf
Syn_WH8101_rela	242633	245501	3	2868	-inf
Syn_WH8101_rela	245501	247268	3	1767	-inf
Syn_WH8101_rela	247268	247746	3	478	-inf
Syn_WH8101_rela	247746	251501	3	3755	-inf
Syn_WH8101_rela	251501	253800	43	2397	-inf
Syn_WH8101_rela	253800	254334	42	655	-inf
Syn_WH8101_rela	254334	254426	42	102	-inf
Syn_WH8101_rela	254426	254437	39	14	-inf
Syn_WH8101_rela	254437	254441	39	4	-inf
Syn_WH8101_rela	254441	254442	41	1	-inf
Syn_WH8101_rela	254442	254494	41	84	-inf
Syn_WH8101_rela	254494	254495	41	1	-inf
Syn_WH8101_rela	254495	254496	41	1	-inf
Syn_WH8101_rela	254496	254527	41	78	-inf
Syn_WH8101_rela	254527	255964	43	1869	-inf
Syn_WH8101_rela	255964	256618	50	740	-inf
Syn_WH8101_rela	256618	256782	44	164	-inf
Syn_WH8101_rela	256782	256917	44	151	-inf
Syn_WH8101_rela	256917	256927	41	10	-inf
Syn_WH8101_rela	256927	256973	35	68	-inf
Syn_WH8101_rela	256973	256978	32	12	-inf
Syn_WH8101_rela	256978	256988	34	23	-inf
Syn_WH8101_rela	256988	256991	36	11	-inf
Syn_WH8101_rela	256991	257131	28	182	-inf
Syn_WH8101_rela	257131	257393	3	262	-inf
Syn_WH8101_rela	257393	258226	5	836	-inf
Syn_WH8101_rela	258226	261643	10	3432	-inf
Syn_WH8101_rela	261643	263805	4	2162	-inf
Syn_WH8101_rela	263805	263807	43	2	-inf
Syn_WH8101_rela	263807	264217	46	410	-inf
Syn_WH8101_rela	264217	264243	4	26	-inf
Syn_WH8101_rela	264243	264469	46	238	-inf
Syn_WH8101_rela	264469	264788	4	326	-inf
Syn_WH8101_rela	264788	265437	4	649	-inf
Syn_WH8101_rela	265437	266147	4	710	-inf
Syn_WH8101_rela	266147	266688	4	552	-inf
Syn_WH8101_rela	266688	267250	4	562	-inf
Syn_WH8101_rela	267250	267591	4	349	-inf
Syn_WH8101_rela	267591	267892	4	309	-inf
Syn_WH8101_rela	267892	268066	4	174	-inf
Syn_WH8101_rela	268066	268116	4	50	-inf
Syn_WH8101_rela	268116	268501	4	400	-inf
Syn_WH8101_rela	268501	268877	4	418	-inf
Syn_WH8101_rela	268877	269683	4	806	-inf
Syn_WH8101_rela	269683	270396	4	742	-inf
Syn_WH8101_rela	270396	270788	4	421	-inf
Syn_WH8101_rela	270788	272303	4	1590	-inf
Syn_WH8101_rela	272303	272610	4	325	-inf
Syn_WH8101_rela	272610	273039	4	491	-inf
Syn_WH8101_rela	273039	273606	4	573	-inf
Syn_WH8101_rela	273606	273945	4	345	-inf
Syn_WH8101_rela	273945	274043	4	104	-inf
Syn_WH8101_rela	274043	274145	4	105	-inf
Syn_WH8101_rela	274145	274241	4	99	-inf
Syn_WH8101_rela	274241	274431	4	231	-inf
Syn_WH8101_rela	274431	274924	4	510	-inf
Syn_WH8101_rela	274924	275058	4	134	-inf
Syn_WH8101_rela	275058	275449	4	445	-inf
Syn_WH8101_rela	275449	275760	4	311	-inf
Syn_WH8101_rela	275760	276210	4	471	-inf
Syn_WH8101_rela	276210	276342	4	132	-inf
Syn_WH8101_rela	276342	276512	4	176	-inf
Syn_WH8101_rela	276512	276746	4	246	-inf
Syn_WH8101_rela	276746	277505	18	854	-inf
Syn_WH8101_rela	277505	277837	4	334	-inf
Syn_WH8101_rela	277837	278343	18	512	-inf
Syn_WH8101_rela	278343	278673	4	332	-inf
Syn_WH8101_rela	278673	279435	4	800	-inf
Syn_WH8101_rela	279435	279779	4	350	-inf
Syn_WH8101_rela	279779	280851	4	1139	-inf
Syn_WH8101_rela	280851	281388	4	546	-inf
Syn_WH8101_rela	281388	281718	4	333	-inf
Syn_WH8101_rela	281718	282189	4	483	-inf
Syn_WH8101_rela	282189	282441	4	252	-inf
Syn_WH8101_rela	282441	282657	4	216	-inf
Syn_WH8101_rela	282657	283211	5	587	-inf
Syn_WH8101_rela	283211	283779	5	649	-inf
Syn_WH8101_rela	283779	283940	5	173	-inf
Syn_WH8101_rela	283940	283952	5	12	-inf
Syn_WH8101_rela	283952	284061	5	117	-inf
Syn_WH8101_rela	284061	284077	5	16	-inf
Syn_WH8101_rela	284077	284585	5	550	-inf
Syn_WH8101_rela	284585	284789	5	206	-inf
Syn_WH8101_rela	284789	284931	5	147	-inf
Syn_WH8101_rela	284931	285130	5	201	-inf
Syn_WH8101_rela	285130	285237	5	119	-inf
Syn_WH8101_rela	285237	285663	5	429	-inf
Syn_WH8101_rela	285663	286004	5	344	-inf
Syn_WH8101_rela	286004	286732	5	750	-inf
Syn_WH8101_rela	286732	287076	5	348	-inf
Syn_WH8101_rela	287076	287579	5	512	-inf
Syn_WH8101_rela	287579	288061	5	491	-inf
Syn_WH8101_rela	288061	289030	5	972	-inf
Syn_WH8101_rela	289030	289887	5	876	-inf
Syn_WH8101_rela	289887	290497	4	612	-inf
Syn_WH8101_rela	290497	290767	4	303	-inf
Syn_WH8101_rela	290767	291288	4	530	-inf
Syn_WH8101_rela	291288	291758	4	518	-inf
Syn_WH8101_rela	291758	292043	4	285	-inf
Syn_WH8101_rela	292043	292338	4	297	-inf
Syn_WH8101_rela	292338	292731	4	414	-inf
Syn_WH8101_rela	292731	293335	4	606	-inf
Syn_WH8101_rela	293335	293973	4	638	-inf
Syn_WH8101_rela	293973	294893	43	978	-inf
Syn_WH8101_rela	294893	295097	46	207	-inf
Syn_WH8101_rela	295097	295120	46	23	-inf
Syn_WH8101_rela	295120	295155	46	36	-inf
Syn_WH8101_rela	295155	295157	75	2	-inf
Syn_WH8101_rela	295157	295633	42	491	-inf
Syn_WH8101_rela	295633	296113	42	523	-inf
Syn_WH8101_rela	296113	297088	40	1058	-inf
Syn_WH8101_rela	297088	297101	42	36	-inf
Syn_WH8101_rela	297101	297104	44	3	-inf
Syn_WH8101_rela	297104	297558	44	508	-inf
Syn_WH8101_rela	297558	298165	48	607	-inf
Syn_WH8101_rela	298165	298185	51	26	-inf
Syn_WH8101_rela	298185	298188	49	3	-inf
Syn_WH8101_rela	298188	298206	49	22	-inf
Syn_WH8101_rela	298206	298502	50	363	-inf
Syn_WH8101_rela	298502	298513	44	13	-inf
Syn_WH8101_rela	298513	298669	46	225	-inf
Syn_WH8101_rela	298669	299251	44	610	-inf
Syn_WH8101_rela	299251	299540	44	290	-inf
Syn_WH8101_rela	299540	299544	42	4	-inf
Syn_WH8101_rela	299544	299547	42	3	-inf
Syn_WH8101_rela	299547	299551	29	22	-inf
Syn_WH8101_rela	299551	299552	26	1	-inf
Syn_WH8101_rela	299552	299555	11	5	-inf
Syn_WH8101_rela	299555	299956	31	408	-inf
Syn_WH8101_rela	299956	299972	21	29	-inf
Syn_WH8101_rela	299972	300124	42	198	-inf
Syn_WH8101_rela	300124	300174	46	117	-inf
Syn_WH8101_rela	300174	300196	47	22	-inf
Syn_WH8101_rela	300196	300197	47	1	-inf
Syn_WH8101_rela	300197	300281	48	84	-inf
Syn_WH8101_rela	300281	300674	48	435	-inf
Syn_WH8101_rela	300674	301095	48	543	-inf
Syn_WH8101_rela	301095	302027	48	961	-inf
Syn_WH8101_rela	302027	302376	48	453	-inf
Syn_WH8101_rela	302376	302377	35	1	-inf
Syn_WH8101_rela	302377	302388	48	37	-inf
Syn_WH8101_rela	302388	302398	48	58	-inf
Syn_WH8101_rela	302398	302535	48	235	-inf
Syn_WH8101_rela	302535	302917	48	434	-inf
Syn_WH8101_rela	302917	303187	48	270	-inf
Syn_WH8101_rela	303187	303704	48	622	-inf
Syn_WH8101_rela	303704	303998	48	309	-inf
Syn_WH8101_rela	303998	304237	48	239	-inf
Syn_WH8101_rela	304237	304238	47	1	-inf
Syn_WH8101_rela	304238	307480	50	3288	-inf
Syn_WH8101_rela	307480	308797	48	1356	-inf
Syn_WH8101_rela	308797	309035	48	263	-inf
Syn_WH8101_rela	309035	309966	48	947	-inf
Syn_WH8101_rela	309966	310362	48	431	-inf
Syn_WH8101_rela	310362	310373	48	13	-inf
Syn_WH8101_rela	310373	310731	48	473	-inf
Syn_WH8101_rela	310731	311798	48	1244	-inf
Syn_WH8101_rela	311798	312663	48	872	-inf
Syn_WH8101_rela	312663	312957	48	339	-inf
Syn_WH8101_rela	312957	313003	45	65	-inf
Syn_WH8101_rela	313003	313117	45	139	-inf
Syn_WH8101_rela	313117	313473	45	378	-inf
Syn_WH8101_rela	313473	313476	40	4	-inf
Syn_WH8101_rela	313476	313478	43	2	-inf
Syn_WH8101_rela	313478	313479	36	1	-inf
Syn_WH8101_rela	313479	313529	46	71	-inf
Syn_WH8101_rela	313529	313589	46	62	-inf
Syn_WH8101_rela	313589	313615	46	38	-inf
Syn_WH8101_rela	313615	314225	46	638	-inf
Syn_WH8101_rela	314225	314803	46	592	-inf
Syn_WH8101_rela	314803	315513	46	710	-inf
Syn_WH8101_rela	315513	315543	46	30	-inf
Syn_WH8101_rela	315543	315556	46	13	-inf
Syn_WH8101_rela	315556	315581	46	35	-inf
Syn_WH8101_rela	315581	315588	44	7	-inf
Syn_WH8101_rela	315588	315925	48	362	-inf
Syn_WH8101_rela	315925	316776	48	854	-inf
Syn_WH8101_rela	316776	316940	48	381	-inf
Syn_WH8101_rela	316940	317499	48	606	-inf
Syn_WH8101_rela	317499	317832	48	415	-inf
Syn_WH8101_rela	317832	317834	43	2	-inf
Syn_WH8101_rela	317834	317845	48	25	-inf
Syn_WH8101_rela	317845	318716	48	898	-inf
Syn_WH8101_rela	318716	319542	48	852	-inf
Syn_WH8101_rela	319542	319549	24	7	-inf
Syn_WH8101_rela	319549	319563	48	24	-inf
Syn_WH8101_rela	319563	320410	48	857	-inf
Syn_WH8101_rela	320410	321031	48	633	-inf
Syn_WH8101_rela	321031	321751	48	742	-inf
Syn_WH8101_rela	321751	322192	48	448	-inf
Syn_WH8101_rela	322192	322566	48	374	-inf
Syn_WH8101_rela	322566	322567	34	1	-inf
Syn_WH8101_rela	322567	322668	41	162	-inf
Syn_WH8101_rela	322668	323744	41	1137	-inf
Syn_WH8101_rela	323744	323835	40	97	-inf
Syn_WH8101_rela	323835	324349	43	673	-inf
Syn_WH8101_rela	324349	324357	35	25	-inf
Syn_WH8101_rela	324357	325991	44	1690	-inf
Syn_WH8101_rela	325991	326216	39	233	-inf
Syn_WH8101_rela	326216	326764	39	555	-inf
Syn_WH8101_rela	326764	327141	39	428	-inf
Syn_WH8101_rela	327141	327782	39	679	-inf
Syn_WH8101_rela	327782	328504	44	755	-inf
Syn_WH8101_rela	328504	328507	44	3	-inf
Syn_WH8101_rela	328507	329001	47	496	-inf
Syn_WH8101_rela	329001	329404	46	417	-inf
Syn_WH8101_rela	329404	329685	46	285	-inf
Syn_WH8101_rela	329685	330795	47	1148	-inf
Syn_WH8101_rela	330795	331116	47	359	-inf
Syn_WH8101_rela	331116	331325	47	210	-inf
Syn_WH8101_rela	331325	331831	47	506	-inf
Syn_WH8101_rela	331831	332118	47	288	-inf
Syn_WH8101_rela	332118	332691	47	586	-inf
Syn_WH8101_rela	332691	333669	48	1077	-inf
Syn_WH8101_rela	333669	334114	48	494	-inf
Syn_WH8101_rela	334114	335003	48	1217	-inf
Syn_WH8101_rela	335003	335609	48	640	-inf
Syn_WH8101_rela	335609	335661	48	71	-inf
Syn_WH8101_rela	335661	336244	48	755	-inf
Syn_WH8101_rela	336244	336255	48	11	-inf
Syn_WH8101_rela	336255	336691	48	445	-inf
Syn_WH8101_rela	336691	337271	48	580	-inf
Syn_WH8101_rela	337271	337520	48	264	-inf
Syn_WH8101_rela	337520	337543	48	23	-inf
Syn_WH8101_rela	337543	337609	55	89	-inf
Syn_WH8101_rela	337609	338594	48	997	-inf
Syn_WH8101_rela	338594	339996	48	1489	-inf
Syn_WH8101_rela	339996	340446	48	486	-inf
Syn_WH8101_rela	340446	341776	48	1364	-inf
Syn_WH8101_rela	341776	342583	48	865	-inf
Syn_WH8101_rela	342583	342962	48	391	-inf
Syn_WH8101_rela	342962	343632	48	670	-inf
Syn_WH8101_rela	343632	343919	48	329	-inf
Syn_WH8101_rela	343919	343929	48	15	-inf
Syn_WH8101_rela	343929	345279	48	1585	-inf
Syn_WH8101_rela	345279	346060	48	917	-inf
Syn_WH8101_rela	346060	346160	48	146	-inf
Syn_WH8101_rela	346160	346163	48	4	-inf
Syn_WH8101_rela	346163	346566	48	450	-inf
Syn_WH8101_rela	346566	346570	46	29	-inf
Syn_WH8101_rela	346570	347270	48	919	-inf
Syn_WH8101_rela	347270	347864	48	618	-inf
Syn_WH8101_rela	347864	348468	48	623	-inf
Syn_WH8101_rela	348468	348874	48	407	-inf
Syn_WH8101_rela	348874	349385	48	575	-inf
Syn_WH8101_rela	349385	349387	41	2	-inf
Syn_WH8101_rela	349387	349419	46	63	-inf
Syn_WH8101_rela	349419	349429	44	10	-inf
Syn_WH8101_rela	349429	349443	48	14	-inf
Syn_WH8101_rela	349443	350272	48	951	-inf
Syn_WH8101_rela	350272	351352	48	1116	-inf
Syn_WH8101_rela	351352	351660	48	367	-inf
Syn_WH8101_rela	351660	352902	48	1444	-inf
Syn_WH8101_rela	352902	352968	48	98	-inf
Syn_WH8101_rela	352968	352982	45	16	-inf
Syn_WH8101_rela	352982	352983	28	1	-inf
Syn_WH8101_rela	352983	352999	48	16	-inf
Syn_WH8101_rela	352999	353010	48	23	-inf
Syn_WH8101_rela	353010	353257	48	247	-inf
Syn_WH8101_rela	353257	353864	48	660	-inf
Syn_WH8101_rela	353864	355743	50	1949	-inf
Syn_WH8101_rela	355743	356041	48	351	-inf
Syn_WH8101_rela	356041	356657	48	752	-inf
Syn_WH8101_rela	356657	358016	48	1415	-inf
Syn_WH8101_rela	358016	359181	48	1252	-inf
Syn_WH8101_rela	359181	359995	48	832	-inf
Syn_WH8101_rela	359995	360454	48	518	-inf
Syn_WH8101_rela	360454	363172	48	2731	-inf
Syn_WH8101_rela	363172	364113	48	941	-inf
Syn_WH8101_rela	364113	364654	48	625	-inf
Syn_WH8101_rela	364654	365461	48	980	-inf
Syn_WH8101_rela	365461	365812	48	386	-inf
Syn_WH8101_rela	365812	366801	48	1111	-inf
Syn_WH8101_rela	366801	368031	48	1470	-inf
Syn_WH8101_rela	368031	368474	48	565	-inf
Syn_WH8101_rela	368474	368479	50	19	-inf
Syn_WH8101_rela	368479	368483	47	10	-inf
Syn_WH8101_rela	368483	368512	48	85	-inf
Syn_WH8101_rela	368512	368778	48	328	-inf
Syn_WH8101_rela	368778	368788	48	18	-inf
Syn_WH8101_rela	368788	368913	48	128	-inf
Syn_WH8101_rela	368913	368914	48	1	-inf
Syn_WH8101_rela	368914	368917	44	5	-inf
Syn_WH8101_rela	368917	368925	48	19	-inf
Syn_WH8101_rela	368925	369943	48	1252	-inf
Syn_WH8101_rela	369943	372129	48	2612	-inf
Syn_WH8101_rela	372129	372235	48	154	-inf
Syn_WH8101_rela	372235	373174	48	1121	-inf
Syn_WH8101_rela	373174	373633	48	470	-inf
Syn_WH8101_rela	373633	374426	48	960	-inf
Syn_WH8101_rela	374426	375235	48	893	-inf
Syn_WH8101_rela	375235	375631	48	419	-inf
Syn_WH8101_rela	375631	376405	48	853	-inf
Syn_WH8101_rela	376405	377784	48	1600	-inf
Syn_WH8101_rela	377784	378504	48	721	-inf
Syn_WH8101_rela	378504	378516	41	12	-inf
Syn_WH8101_rela	378516	378524	21	33	-inf
Syn_WH8101_rela	378524	378526	47	4	-inf
Syn_WH8101_rela	378526	383112	48	4586	-inf
Syn_WH8101_rela	383112	383596	48	527	-inf
Syn_WH8101_rela	383596	384419	50	1035	-inf
Syn_WH8101_rela	384419	384793	48	435	-inf
Syn_WH8101_rela	384793	385504	48	792	-inf
Syn_WH8101_rela	385504	386324	48	1029	-inf
Syn_WH8101_rela	386324	387093	48	1007	-inf
Syn_WH8101_rela	387093	387593	48	549	-inf
Syn_WH8101_rela	387593	387968	48	375	-inf
Syn_WH8101_rela	387968	388525	48	574	-inf
Syn_WH8101_rela	388525	389239	48	853	-inf
Syn_WH8101_rela	389239	389695	48	586	-inf
Syn_WH8101_rela	389695	390214	48	533	-inf
Syn_WH8101_rela	390214	391533	48	1444	-inf
Syn_WH8101_rela	391533	391940	48	460	-inf
Syn_WH8101_rela	391940	392881	48	980	-inf
Syn_WH8101_rela	392881	393268	48	391	-inf
Syn_WH8101_rela	393268	393742	48	552	-inf
Syn_WH8101_rela	393742	393770	48	39	-inf
Syn_WH8101_rela	393770	394196	48	463	-inf
Syn_WH8101_rela	394196	394998	48	807	-inf
Syn_WH8101_rela	394998	395846	48	859	-inf
Syn_WH8101_rela	395846	396340	48	494	-inf
Syn_WH8101_rela	396340	396673	48	339	-inf
Syn_WH8101_rela	396673	396685	48	15	-inf
Syn_WH8101_rela	396685	396745	48	82	-inf
Syn_WH8101_rela	396745	396750	47	7	-inf
Syn_WH8101_rela	396750	396754	36	4	-inf
Syn_WH8101_rela	396754	396801	48	74	-inf
Syn_WH8101_rela	396801	396851	48	109	-inf
Syn_WH8101_rela	396851	396857	22	6	-inf
Syn_WH8101_rela	396857	396963	48	153	-inf
Syn_WH8101_rela	396963	396969	48	6	-inf
Syn_WH8101_rela	396969	397354	48	414	-inf
Syn_WH8101_rela	397354	397356	48	2	-inf
Syn_WH8101_rela	397356	397443	48	87	-inf
Syn_WH8101_rela	397443	398526	48	1130	-inf
Syn_WH8101_rela	398526	398530	46	27	-inf
Syn_WH8101_rela	398530	398837	48	339	-inf
Syn_WH8101_rela	398837	399194	48	363	-inf
Syn_WH8101_rela	399194	399609	48	441	-inf
Syn_WH8101_rela	399609	399617	48	8	-inf
Syn_WH8101_rela	399617	399774	48	206	-inf
Syn_WH8101_rela	399774	399885	51	201	-inf
Syn_WH8101_rela	399885	400543	48	658	-inf
Syn_WH8101_rela	400543	400544	45	1	-inf
Syn_WH8101_rela	400544	400561	46	23	-inf
Syn_WH8101_rela	400561	400577	17	19	-inf
Syn_WH8101_rela	400577	400609	20	40	-inf
Syn_WH8101_rela	400609	400727	5	122	-inf
Syn_WH8101_rela	400727	400731	5	4	-inf
Syn_WH8101_rela	400731	400734	47	3	-inf
Syn_WH8101_rela	400734	400736	47	2	-inf
Syn_WH8101_rela	400736	400747	47	12	-inf
Syn_WH8101_rela	400747	400768	49	21	-inf
Syn_WH8101_rela	400768	400775	49	12	-inf
Syn_WH8101_rela	400775	400781	49	6	-inf
Syn_WH8101_rela	400781	400814	49	37	-inf
Syn_WH8101_rela	400814	400861	49	47	-inf
Syn_WH8101_rela	400861	401317	49	467	-inf
Syn_WH8101_rela	401317	402743	48	1481	-inf
Syn_WH8101_rela	402743	403537	46	794	-inf
Syn_WH8101_rela	403537	403893	48	375	-inf
Syn_WH8101_rela	403893	404247	48	446	-inf
Syn_WH8101_rela	404247	404735	48	614	-inf
Syn_WH8101_rela	404735	404781	48	78	-inf
Syn_WH8101_rela	404781	405072	48	367	-inf
Syn_WH8101_rela	405072	405232	48	219	-inf
Syn_WH8101_rela	405232	405482	48	295	-inf
Syn_WH8101_rela	405482	406051	48	590	-inf
Syn_WH8101_rela	406051	406722	48	763	-inf
Syn_WH8101_rela	406722	407261	48	695	-inf
Syn_WH8101_rela	407261	407773	48	512	-inf
Syn_WH8101_rela	407773	408219	48	589	-inf
Syn_WH8101_rela	408219	409440	48	1261	-inf
Syn_WH8101_rela	409440	409742	50	312	-inf
Syn_WH8101_rela	409742	410675	50	938	-inf
Syn_WH8101_rela	410675	411539	50	955	-inf
Syn_WH8101_rela	411539	411883	48	444	-inf
Syn_WH8101_rela	411883	412162	48	279	-inf
Syn_WH8101_rela	412162	412175	48	13	-inf
Syn_WH8101_rela	412175	412237	48	144	-inf
Syn_WH8101_rela	412237	412304	24	165	-inf
Syn_WH8101_rela	412304	412327	48	26	-inf
Syn_WH8101_rela	412327	412474	48	232	-inf
Syn_WH8101_rela	412474	413063	48	589	-inf
Syn_WH8101_rela	413063	413510	48	450	-inf
Syn_WH8101_rela	413510	413584	48	103	-inf
Syn_WH8101_rela	413584	413589	37	5	-inf
Syn_WH8101_rela	413589	413596	37	7	-inf
Syn_WH8101_rela	413596	413610	35	14	-inf
Syn_WH8101_rela	413610	413758	32	163	-inf
Syn_WH8101_rela	413758	414078	30	343	-inf
Syn_WH8101_rela	414078	414197	30	148	-inf
Syn_WH8101_rela	414197	414442	30	333	-inf
Syn_WH8101_rela	414442	415294	30	883	-inf
Syn_WH8101_rela	415294	415630	32	336	-inf
Syn_WH8101_rela	415630	415632	30	2	-inf
Syn_WH8101_rela	415632	415635	30	3	-inf
Syn_WH8101_rela	415635	415720	30	102	-inf
Syn_WH8101_rela	415720	416115	28	425	-inf
Syn_WH8101_rela	416115	416459	25	350	-inf
Syn_WH8101_rela	416459	416917	27	499	-inf
Syn_WH8101_rela	416917	417780	25	886	-inf
Syn_WH8101_rela	417780	417812	25	40	-inf
Syn_WH8101_rela	417812	418259	25	492	-inf
Syn_WH8101_rela	418259	418617	26	360	-inf
Syn_WH8101_rela	418617	418703	28	86	-inf
Syn_WH8101_rela	418703	420144	50	1574	-inf
Syn_WH8101_rela	420144	420542	47	398	-inf
Syn_WH8101_rela	420542	420788	47	250	-inf
Syn_WH8101_rela	420788	422465	47	1864	-inf
Syn_WH8101_rela	422465	422478	47	28	-inf
Syn_WH8101_rela	422478	422527	37	50	-inf
Syn_WH8101_rela	422527	422802	38	291	-inf
Syn_WH8101_rela	422802	422824	22	37	-inf
Syn_WH8101_rela	422824	422971	11	171	-inf
Syn_WH8101_rela	422971	422972	26	1	-inf
Syn_WH8101_rela	422972	422973	26	1	-inf
Syn_WH8101_rela	422973	423036	34	63	-inf
Syn_WH8101_rela	423036	423039	35	3	-inf
Syn_WH8101_rela	423039	423474	60	517	-inf
Syn_WH8101_rela	423474	424048	51	574	-inf
Syn_WH8101_rela	424048	424191	51	143	-inf
Syn_WH8101_rela	424191	424201	51	24	-inf
Syn_WH8101_rela	424201	424204	49	3	-inf
Syn_WH8101_rela	424204	424209	49	5	-inf
Syn_WH8101_rela	424209	424274	49	92	-inf
Syn_WH8101_rela	424274	424441	48	261	-inf
Syn_WH8101_rela	424441	425994	48	1553	-inf
Syn_WH8101_rela	425994	426000	48	34	-inf
Syn_WH8101_rela	426000	426016	48	16	-inf
Syn_WH8101_rela	426016	426020	48	7	-inf
Syn_WH8101_rela	426020	426832	48	1244	-inf
Syn_WH8101_rela	426832	427175	48	353	-inf
Syn_WH8101_rela	427175	428590	48	1477	-inf
Syn_WH8101_rela	428590	428844	48	254	-inf
Syn_WH8101_rela	428844	429883	48	1042	-inf
Syn_WH8101_rela	429883	430280	48	397	-inf
Syn_WH8101_rela	430280	431057	48	907	-inf
Syn_WH8101_rela	431057	431475	48	560	-inf
Syn_WH8101_rela	431475	433312	48	2151	-inf
Syn_WH8101_rela	433312	433793	48	665	-inf
Syn_WH8101_rela	433793	434083	48	349	-inf
Syn_WH8101_rela	434083	434316	48	233	-inf
Syn_WH8101_rela	434316	434876	48	608	-inf
Syn_WH8101_rela	434876	435468	48	630	-inf
Syn_WH8101_rela	435468	435484	46	33	-inf
Syn_WH8101_rela	435484	435698	48	254	-inf
Syn_WH8101_rela	435698	436724	48	1137	-inf
Syn_WH8101_rela	436724	437131	48	435	-inf
Syn_WH8101_rela	437131	437515	48	476	-inf
Syn_WH8101_rela	437515	438819	48	1335	-inf
Syn_WH8101_rela	438819	440973	48	2173	-inf
Syn_WH8101_rela	440973	441530	48	610	-inf
Syn_WH8101_rela	441530	442343	48	900	-inf
Syn_WH8101_rela	442343	444123	48	2116	-inf
Syn_WH8101_rela	444123	444129	48	10	-inf
Syn_WH8101_rela	444129	444675	48	571	-inf
Syn_WH8101_rela	444675	446118	48	1459	-inf
Syn_WH8101_rela	446118	446648	48	530	-inf
Syn_WH8101_rela	446648	448230	48	1582	-inf
Syn_WH8101_rela	448230	448739	48	511	-inf
Syn_WH8101_rela	448739	448879	48	202	-inf
Syn_WH8101_rela	448879	453111	48	4257	-inf
Syn_WH8101_rela	453111	453121	38	14	-inf
Syn_WH8101_rela	453121	453134	16	13	-inf
Syn_WH8101_rela	453134	453156	48	22	-inf
Syn_WH8101_rela	453156	454004	48	848	-inf
Syn_WH8101_rela	454004	454110	48	132	-inf
Syn_WH8101_rela	454110	454112	36	3	-inf
Syn_WH8101_rela	454112	454115	47	3	-inf
Syn_WH8101_rela	454115	454116	43	1	-inf
Syn_WH8101_rela	454116	454257	47	150	-inf
Syn_WH8101_rela	454257	454557	42	300	-inf
Syn_WH8101_rela	454557	455333	48	822	-inf
Syn_WH8101_rela	455333	455383	50	94	-inf
Syn_WH8101_rela	455383	455437	48	97	-inf
Syn_WH8101_rela	455437	455803	48	451	-inf
Syn_WH8101_rela	455803	456080	48	370	-inf
Syn_WH8101_rela	456080	456104	46	34	-inf
Syn_WH8101_rela	456104	456110	48	8	-inf
Syn_WH8101_rela	456110	456133	48	25	-inf
Syn_WH8101_rela	456133	456139	48	6	-inf
Syn_WH8101_rela	456139	456154	48	46	-inf
Syn_WH8101_rela	456154	456171	45	17	-inf
Syn_WH8101_rela	456171	456182	48	13	-inf
Syn_WH8101_rela	456182	456203	48	52	-inf
Syn_WH8101_rela	456203	456213	48	23	-inf
Syn_WH8101_rela	456213	456221	45	9	-inf
Syn_WH8101_rela	456221	456222	45	1	-inf
Syn_WH8101_rela	456222	456223	45	1	-inf
Syn_WH8101_rela	456223	456226	38	3	-inf
Syn_WH8101_rela	456226	456233	45	49	-inf
Syn_WH8101_rela	456233	457357	48	1583	-inf
Syn_WH8101_rela	457357	457575	48	253	-inf
Syn_WH8101_rela	457575	459923	48	2364	-inf
Syn_WH8101_rela	459923	461443	48	1532	-inf
Syn_WH8101_rela	461443	462225	48	855	-inf
Syn_WH8101_rela	462225	462243	35	19	-inf
Syn_WH8101_rela	462243	462255	33	16	-inf
Syn_WH8101_rela	462255	462258	27	3	-inf
Syn_WH8101_rela	462258	462274	35	20	-inf
Syn_WH8101_rela	462274	462275	28	1	-inf
Syn_WH8101_rela	462275	462619	28	366	-inf
Syn_WH8101_rela	462619	462992	17	381	-inf
Syn_WH8101_rela	462992	463019	22	34	-inf
Syn_WH8101_rela	463019	463791	46	787	-inf
Syn_WH8101_rela	463791	463839	50	96	-inf
Syn_WH8101_rela	463839	463912	40	81	-inf
Syn_WH8101_rela	463912	463942	15	45	-inf
Syn_WH8101_rela	463942	464033	15	91	-inf
Syn_WH8101_rela	464033	464038	15	5	-inf
Syn_WH8101_rela	464038	464066	46	42	-inf
Syn_WH8101_rela	464066	464068	45	2	-inf
Syn_WH8101_rela	464068	464678	48	620	-inf
Syn_WH8101_rela	464678	465195	48	529	-inf
Syn_WH8101_rela	465195	465663	48	492	-inf
Syn_WH8101_rela	465663	466409	48	761	-inf
Syn_WH8101_rela	466409	466878	48	472	-inf
Syn_WH8101_rela	466878	467285	48	502	-inf
Syn_WH8101_rela	467285	467562	48	280	-inf
Syn_WH8101_rela	467562	468502	48	1351	-inf
Syn_WH8101_rela	468502	469425	48	929	-inf
Syn_WH8101_rela	469425	469515	37	124	-inf
Syn_WH8101_rela	469515	469521	27	6	-inf
Syn_WH8101_rela	469521	469538	46	56	-inf
Syn_WH8101_rela	469538	470451	48	1030	-inf
Syn_WH8101_rela	470451	471057	48	609	-inf
Syn_WH8101_rela	471057	471066	48	9	-inf
Syn_WH8101_rela	471066	471159	48	104	-inf
Syn_WH8101_rela	471159	471175	47	19	-inf
Syn_WH8101_rela	471175	471182	47	7	-inf
Syn_WH8101_rela	471182	471190	47	8	-inf
Syn_WH8101_rela	471190	471192	48	2	-inf
Syn_WH8101_rela	471192	471198	48	6	-inf
Syn_WH8101_rela	471198	471208	48	10	-inf
Syn_WH8101_rela	471208	471210	48	2	-inf
Syn_WH8101_rela	471210	471211	41	1	-inf
Syn_WH8101_rela	471211	471302	48	92	-inf
Syn_WH8101_rela	471302	472451	48	1263	-inf
Syn_WH8101_rela	472451	472471	48	44	-inf
Syn_WH8101_rela	472471	472675	48	232	-inf
Syn_WH8101_rela	472675	473049	48	374	-inf
Syn_WH8101_rela	473049	473303	48	270	-inf
Syn_WH8101_rela	473303	473901	48	600	-inf
Syn_WH8101_rela	473901	474177	48	282	-inf
Syn_WH8101_rela	474177	474308	48	255	-inf
Syn_WH8101_rela	474308	474523	48	260	-inf
Syn_WH8101_rela	474523	474926	48	406	-inf
Syn_WH8101_rela	474926	475519	48	639	-inf
Syn_WH8101_rela	475519	476434	48	1006	-inf
Syn_WH8101_rela	476434	476821	48	417	-inf
Syn_WH8101_rela	476821	477806	48	1007	-inf
Syn_WH8101_rela	477806	478250	48	458	-inf
Syn_WH8101_rela	478250	478981	48	852	-inf
Syn_WH8101_rela	478981	479480	48	507	-inf
Syn_WH8101_rela	479480	479522	43	86	-inf
Syn_WH8101_rela	479522	480231	48	727	-inf
Syn_WH8101_rela	480231	481230	48	1025	-inf
Syn_WH8101_rela	481230	482074	48	903	-inf
Syn_WH8101_rela	482074	483023	48	955	-inf
Syn_WH8101_rela	483023	483445	48	423	-inf
Syn_WH8101_rela	483445	484041	48	633	-inf
Syn_WH8101_rela	484041	484398	48	358	-inf
Syn_WH8101_rela	484398	484793	48	398	-inf
Syn_WH8101_rela	484793	485105	48	324	-inf
Syn_WH8101_rela	485105	485380	48	283	-inf
Syn_WH8101_rela	485380	485891	48	511	-inf
Syn_WH8101_rela	485891	486552	48	663	-inf
Syn_WH8101_rela	486552	486910	48	367	-inf
Syn_WH8101_rela	486910	487234	48	324	-inf
Syn_WH8101_rela	487234	489054	48	1820	-inf
Syn_WH8101_rela	489054	489789	48	770	-inf
Syn_WH8101_rela	489789	490086	48	416	-inf
Syn_WH8101_rela	490086	491808	48	1969	-inf
Syn_WH8101_rela	491808	492721	48	971	-inf
Syn_WH8101_rela	492721	492733	48	14	-inf
Syn_WH8101_rela	492733	492796	48	93	-inf
Syn_WH8101_rela	492796	493082	48	346	-inf
Syn_WH8101_rela	493082	494050	48	1059	-inf
Syn_WH8101_rela	494050	494268	48	219	-inf
Syn_WH8101_rela	494268	494424	48	224	-inf
Syn_WH8101_rela	494424	495570	48	1229	-inf
Syn_WH8101_rela	495570	495944	48	432	-inf
Syn_WH8101_rela	495944	496375	48	514	-inf
Syn_WH8101_rela	496375	498038	48	1826	-inf
Syn_WH8101_rela	498038	498379	48	344	-inf
Syn_WH8101_rela	498379	498689	48	358	-inf
Syn_WH8101_rela	498689	499039	48	370	-inf
Syn_WH8101_rela	499039	499419	48	441	-inf
Syn_WH8101_rela	499419	499642	48	223	-inf
Syn_WH8101_rela	499642	499907	48	265	-inf
Syn_WH8101_rela	499907	501219	48	1594	-inf
Syn_WH8101_rela	501219	502058	48	1060	-inf
Syn_WH8101_rela	502058	503297	48	1394	-inf
Syn_WH8101_rela	503297	503298	32	1	-inf
Syn_WH8101_rela	503298	503306	42	21	-inf
Syn_WH8101_rela	503306	503311	42	12	-inf
Syn_WH8101_rela	503311	503354	48	43	-inf
Syn_WH8101_rela	503354	503885	48	535	-inf
Syn_WH8101_rela	503885	504449	48	564	-inf
Syn_WH8101_rela	504449	504502	48	88	-inf
Syn_WH8101_rela	504502	504517	48	34	-inf
Syn_WH8101_rela	504517	504584	48	75	-inf
Syn_WH8101_rela	504584	505001	48	453	-inf
Syn_WH8101_rela	505001	505469	48	474	-inf
Syn_WH8101_rela	505469	505473	42	4	-inf
Syn_WH8101_rela	505473	505475	42	2	-inf
Syn_WH8101_rela	505475	505477	47	4	-inf
Syn_WH8101_rela	505477	505563	48	107	-inf
Syn_WH8101_rela	505563	505587	48	36	-inf
Syn_WH8101_rela	505587	505984	48	457	-inf
Syn_WH8101_rela	505984	505987	46	3	-inf
Syn_WH8101_rela	505987	506084	48	107	-inf
Syn_WH8101_rela	506084	506461	48	377	-inf
Syn_WH8101_rela	506461	506686	48	245	-inf
Syn_WH8101_rela	506686	507814	48	1191	-inf
Syn_WH8101_rela	507814	509253	48	1445	-inf
Syn_WH8101_rela	509253	509573	48	335	-inf
Syn_WH8101_rela	509573	510189	48	626	-inf
Syn_WH8101_rela	510189	511390	48	1314	-inf
Syn_WH8101_rela	511390	511990	48	603	-inf
Syn_WH8101_rela	511990	512588	48	602	-inf
Syn_WH8101_rela	512588	513540	48	1066	-inf
Syn_WH8101_rela	513540	514560	48	1126	-inf
Syn_WH8101_rela	514560	515518	48	1215	-inf
Syn_WH8101_rela	515518	516566	48	1060	-inf
Syn_WH8101_rela	516566	516590	48	27	-inf
Syn_WH8101_rela	516590	516593	48	3	-inf
Syn_WH8101_rela	516593	516800	48	296	-inf
Syn_WH8101_rela	516800	518007	48	1345	-inf
Syn_WH8101_rela	518007	518640	48	633	-inf
Syn_WH8101_rela	518640	519030	48	394	-inf
Syn_WH8101_rela	519030	519761	53	893	-inf
Syn_WH8101_rela	519761	519780	52	59	-inf
Syn_WH8101_rela	519780	519784	41	4	-inf
Syn_WH8101_rela	519784	519790	41	12	-inf
Syn_WH8101_rela	519790	519792	26	2	-inf
Syn_WH8101_rela	519792	520008	52	259	-inf
Syn_WH8101_rela	520008	520925	48	1114	-inf
Syn_WH8101_rela	520925	521156	48	231	-inf
Syn_WH8101_rela	521156	523195	48	2330	-inf
Syn_WH8101_rela	523195	523219	48	24	-inf
Syn_WH8101_rela	523219	523237	48	31	-inf
Syn_WH8101_rela	523237	523421	48	210	-inf
Syn_WH8101_rela	523421	523556	46	222	-inf
Syn_WH8101_rela	523556	523785	46	397	-inf
Syn_WH8101_rela	523785	523805	46	44	-inf
Syn_WH8101_rela	523805	523836	46	87	-inf
Syn_WH8101_rela	523836	524056	48	374	-inf
Syn_WH8101_rela	524056	524073	48	18	-inf
Syn_WH8101_rela	524073	524321	48	257	-inf
Syn_WH8101_rela	524321	525076	48	822	-inf
Syn_WH8101_rela	525076	525190	48	222	-inf
Syn_WH8101_rela	525190	525725	48	560	-inf
Syn_WH8101_rela	525725	525935	48	411	-inf
Syn_WH8101_rela	525935	526254	48	340	-inf
Syn_WH8101_rela	526254	526849	48	595	-inf
Syn_WH8101_rela	526849	526895	48	54	-inf
Syn_WH8101_rela	526895	526907	48	12	-inf
Syn_WH8101_rela	526907	527192	48	320	-inf
Syn_WH8101_rela	527192	527284	15	109	-inf
Syn_WH8101_rela	527284	527305	15	21	-inf
Syn_WH8101_rela	527305	527321	22	18	-inf
Syn_WH8101_rela	527321	527374	22	103	-inf
Syn_WH8101_rela	527374	528521	48	1415	-inf
Syn_WH8101_rela	528521	528821	48	303	-inf
Syn_WH8101_rela	528821	529290	48	509	-inf
Syn_WH8101_rela	529290	529741	48	472	-inf
Syn_WH8101_rela	529741	529924	46	374	-inf
Syn_WH8101_rela	529924	530159	39	473	-inf
Syn_WH8101_rela	530159	530181	26	30	-inf
Syn_WH8101_rela	530181	530247	26	90	-inf
Syn_WH8101_rela	530247	530310	48	63	-inf
Syn_WH8101_rela	530310	530428	48	336	-inf
Syn_WH8101_rela	530428	530578	53	178	-inf
Syn_WH8101_rela	530578	531591	49	1256	-inf
Syn_WH8101_rela	531591	532824	49	1528	-inf
Syn_WH8101_rela	532824	532992	48	272	-inf
Syn_WH8101_rela	532992	533164	48	275	-inf
Syn_WH8101_rela	533164	533165	45	1	-inf
Syn_WH8101_rela	533165	533447	48	323	-inf
Syn_WH8101_rela	533447	533461	48	38	-inf
Syn_WH8101_rela	533461	533470	47	30	-inf
Syn_WH8101_rela	533470	533475	36	5	-inf
Syn_WH8101_rela	533475	533476	36	1	-inf
Syn_WH8101_rela	533476	533478	36	2	-inf
Syn_WH8101_rela	533478	533479	34	1	-inf
Syn_WH8101_rela	533479	533491	34	14	-inf
Syn_WH8101_rela	533491	533502	84	19	-inf
Syn_WH8101_rela	533502	533520	83	18	-inf
Syn_WH8101_rela	533520	533550	75	60	-inf
Syn_WH8101_rela	533550	533823	33	323	-inf
Syn_WH8101_rela	533823	535048	4	1226	-inf
Syn_WH8101_rela	535048	536465	55	1505	-inf
Syn_WH8101_rela	536465	537698	49	1528	-inf
Syn_WH8101_rela	537698	537866	48	272	-inf
Syn_WH8101_rela	537866	538038	48	275	-inf
Syn_WH8101_rela	538038	538039	45	1	-inf
Syn_WH8101_rela	538039	538321	48	323	-inf
Syn_WH8101_rela	538321	538335	48	38	-inf
Syn_WH8101_rela	538335	538344	47	30	-inf
Syn_WH8101_rela	538344	538349	36	5	-inf
Syn_WH8101_rela	538349	538350	36	1	-inf
Syn_WH8101_rela	538350	538352	36	2	-inf
Syn_WH8101_rela	538352	538353	34	1	-inf
Syn_WH8101_rela	538353	538365	34	14	-inf
Syn_WH8101_rela	538365	538376	84	19	-inf
Syn_WH8101_rela	538376	538394	83	18	-inf
Syn_WH8101_rela	538394	538424	75	60	-inf
Syn_WH8101_rela	538424	538697	33	323	-inf
Syn_WH8101_rela	538697	540169	4	1489	-inf
Syn_WH8101_rela	540169	541943	3	1823	-inf
Syn_WH8101_rela	541943	541991	18	51	-inf
Syn_WH8101_rela	541991	541996	30	5	-inf
Syn_WH8101_rela	541996	542086	41	103	-inf
Syn_WH8101_rela	542086	542232	42	158	-inf
Syn_WH8101_rela	542232	542512	45	319	-inf
Syn_WH8101_rela	542512	542514	13	2	-inf
Syn_WH8101_rela	542514	542538	22	27	-inf
Syn_WH8101_rela	542538	542757	22	226	-inf
Syn_WH8101_rela	542757	542770	47	18	-inf
Syn_WH8101_rela	542770	544497	48	1737	-inf
Syn_WH8101_rela	544497	547283	2	2786	-inf
Syn_WH8101_rela	547283	547393	2	110	-inf
Syn_WH8101_rela	547393	550165	48	2776	-inf
Syn_WH8101_rela	550165	550375	48	248	-inf
Syn_WH8101_rela	550375	550925	48	954	-inf
Syn_WH8101_rela	550925	551383	48	585	-inf
Syn_WH8101_rela	551383	551412	48	57	-inf
Syn_WH8101_rela	551412	552802	48	1556	-inf
Syn_WH8101_rela	552802	554041	48	1312	-inf
Syn_WH8101_rela	554041	554752	48	890	-inf
Syn_WH8101_rela	554752	555954	48	1312	-inf
Syn_WH8101_rela	555954	556506	48	646	-inf
Syn_WH8101_rela	556506	556690	48	212	-inf
Syn_WH8101_rela	556690	558293	48	1620	-inf
Syn_WH8101_rela	558293	558334	48	48	-inf
Syn_WH8101_rela	558334	558878	48	720	-inf
Syn_WH8101_rela	558878	558908	48	57	-inf
Syn_WH8101_rela	558908	559121	48	265	-inf
Syn_WH8101_rela	559121	560042	48	938	-inf
Syn_WH8101_rela	560042	560845	48	935	-inf
Syn_WH8101_rela	560845	561281	48	449	-inf
Syn_WH8101_rela	561281	563098	48	2239	-inf
Syn_WH8101_rela	563098	563240	48	183	-inf
Syn_WH8101_rela	563240	563286	48	86	-inf
Syn_WH8101_rela	563286	563325	48	46	-inf
Syn_WH8101_rela	563325	563441	48	142	-inf
Syn_WH8101_rela	563441	563680	48	327	-inf
Syn_WH8101_rela	563680	564013	48	364	-inf
Syn_WH8101_rela	564013	564809	48	806	-inf
Syn_WH8101_rela	564809	564835	48	36	-inf
Syn_WH8101_rela	564835	565186	48	395	-inf
Syn_WH8101_rela	565186	565466	48	386	-inf
Syn_WH8101_rela	565466	567853	48	2410	-inf
Syn_WH8101_rela	567853	568233	48	388	-inf
Syn_WH8101_rela	568233	569209	48	1086	-inf
Syn_WH8101_rela	569209	569983	48	798	-inf
Syn_WH8101_rela	569983	570422	48	544	-inf
Syn_WH8101_rela	570422	571166	48	804	-inf
Syn_WH8101_rela	571166	571705	48	641	-inf
Syn_WH8101_rela	571705	571707	13	2	-inf
Syn_WH8101_rela	571707	572487	48	857	-inf
Syn_WH8101_rela	572487	573257	98	864	-inf
Syn_WH8101_rela	573257	573359	85	130	-inf
Syn_WH8101_rela	573359	573365	78	8	-inf
Syn_WH8101_rela	573365	574082	92	861	-inf
Syn_WH8101_rela	574082	575845	91	1907	-inf
Syn_WH8101_rela	575845	575923	90	88	-inf
Syn_WH8101_rela	575923	575940	90	24	-inf
Syn_WH8101_rela	575940	576261	90	396	-inf
Syn_WH8101_rela	576261	577313	90	1053	-inf
Syn_WH8101_rela	577313	578004	90	691	-inf
Syn_WH8101_rela	578004	578058	90	54	-inf
Syn_WH8101_rela	578058	578475	92	418	-inf
Syn_WH8101_rela	578475	579100	92	654	-inf
Syn_WH8101_rela	579100	579239	92	180	-inf
Syn_WH8101_rela	579239	579269	20	30	-inf
Syn_WH8101_rela	579269	579326	39	72	-inf
Syn_WH8101_rela	579326	579343	23	17	-inf
Syn_WH8101_rela	579343	579357	40	19	-inf
Syn_WH8101_rela	579357	579875	41	610	-inf
Syn_WH8101_rela	579875	579882	32	10	-inf
Syn_WH8101_rela	579882	580717	46	1021	-inf
Syn_WH8101_rela	580717	580751	44	41	-inf
Syn_WH8101_rela	580751	580775	46	26	-inf
Syn_WH8101_rela	580775	581613	48	895	-inf
Syn_WH8101_rela	581613	581972	48	445	-inf
Syn_WH8101_rela	581972	583049	48	1097	-inf
Syn_WH8101_rela	583049	583436	48	411	-inf
Syn_WH8101_rela	583436	583711	48	275	-inf
Syn_WH8101_rela	583711	584555	48	980	-inf
Syn_WH8101_rela	584555	584809	48	305	-inf
Syn_WH8101_rela	584809	584854	48	213	-inf
Syn_WH8101_rela	584854	584888	48	71	-inf
Syn_WH8101_rela	584888	584890	22	9	-inf
Syn_WH8101_rela	584890	584903	48	28	-inf
Syn_WH8101_rela	584903	585543	48	712	-inf
Syn_WH8101_rela	585543	586203	48	717	-inf
Syn_WH8101_rela	586203	586850	48	654	-inf
Syn_WH8101_rela	586850	586967	48	152	-inf
Syn_WH8101_rela	586967	587360	48	454	-inf
Syn_WH8101_rela	587360	587795	48	435	-inf
Syn_WH8101_rela	587795	588105	48	310	-inf
Syn_WH8101_rela	588105	588832	48	807	-inf
Syn_WH8101_rela	588832	589449	48	724	-inf
Syn_WH8101_rela	589449	589980	48	542	-inf
Syn_WH8101_rela	589980	590547	48	579	-inf
Syn_WH8101_rela	590547	591099	48	556	-inf
Syn_WH8101_rela	591099	591490	48	395	-inf
Syn_WH8101_rela	591490	591960	48	490	-inf
Syn_WH8101_rela	591960	591961	48	1	-inf
Syn_WH8101_rela	591961	591991	48	36	-inf
Syn_WH8101_rela	591991	592025	50	72	-inf
Syn_WH8101_rela	592025	592459	44	438	-inf
Syn_WH8101_rela	592459	593143	45	747	-inf
Syn_WH8101_rela	593143	593178	42	52	-inf
Syn_WH8101_rela	593178	593257	30	95	-inf
Syn_WH8101_rela	593257	593355	42	134	-inf
Syn_WH8101_rela	593355	593386	40	76	-inf
Syn_WH8101_rela	593386	593686	44	367	-inf
Syn_WH8101_rela	593686	594051	4	373	-inf
Syn_WH8101_rela	594051	594644	4	616	-inf
Syn_WH8101_rela	594644	595318	4	708	-inf
Syn_WH8101_rela	595318	595627	4	309	-inf
Syn_WH8101_rela	595627	596116	4	492	-inf
Syn_WH8101_rela	596116	597588	4	1480	-inf
Syn_WH8101_rela	597588	597609	48	25	-inf
Syn_WH8101_rela	597609	597961	48	450	-inf
Syn_WH8101_rela	597961	598269	48	308	-inf
Syn_WH8101_rela	598269	598286	48	35	-inf
Syn_WH8101_rela	598286	598308	48	43	-inf
Syn_WH8101_rela	598308	598895	48	591	-inf
Syn_WH8101_rela	598895	598901	48	6	-inf
Syn_WH8101_rela	598901	598902	28	1	-inf
Syn_WH8101_rela	598902	598909	28	8	-inf
Syn_WH8101_rela	598909	598911	25	2	-inf
Syn_WH8101_rela	598911	598913	28	2	-inf
Syn_WH8101_rela	598913	598915	21	2	-inf
Syn_WH8101_rela	598915	598916	20	1	-inf
Syn_WH8101_rela	598916	599200	28	309	-inf
Syn_WH8101_rela	599200	599224	25	36	-inf
Syn_WH8101_rela	599224	599265	36	129	-inf
Syn_WH8101_rela	599265	599267	36	2	-inf
Syn_WH8101_rela	599267	599270	62	3	-inf
Syn_WH8101_rela	599270	599760	48	561	-inf
Syn_WH8101_rela	599760	601543	48	2029	-inf
Syn_WH8101_rela	601543	602150	24	635	-inf
Syn_WH8101_rela	602150	602207	24	59	-inf
Syn_WH8101_rela	602207	602257	21	60	-inf
Syn_WH8101_rela	602257	602360	42	171	-inf
Syn_WH8101_rela	602360	602393	42	83	-inf
Syn_WH8101_rela	602393	602854	42	621	-inf
Syn_WH8101_rela	602854	603091	43	238	-inf
Syn_WH8101_rela	603091	604072	31	1024	-inf
Syn_WH8101_rela	604072	604768	44	747	-inf
Syn_WH8101_rela	604768	605118	44	357	-inf
Syn_WH8101_rela	605118	605871	49	965	-inf
Syn_WH8101_rela	605871	605896	46	41	-inf
Syn_WH8101_rela	605896	606346	46	480	-inf
Syn_WH8101_rela	606346	606364	24	60	-inf
Syn_WH8101_rela	606364	606366	9	2	-inf
Syn_WH8101_rela	606366	606788	27	437	-inf
Syn_WH8101_rela	606788	606828	45	53	-inf
Syn_WH8101_rela	606828	606830	45	2	-inf
Syn_WH8101_rela	606830	606878	37	48	-inf
Syn_WH8101_rela	606878	606890	37	14	-inf
Syn_WH8101_rela	606890	607442	47	566	-inf
Syn_WH8101_rela	607442	608831	47	1415	-inf
Syn_WH8101_rela	608831	609221	47	424	-inf
Syn_WH8101_rela	609221	609602	47	425	-inf
Syn_WH8101_rela	609602	610189	47	639	-inf
Syn_WH8101_rela	610189	610253	47	132	-inf
Syn_WH8101_rela	610253	610453	47	214	-inf
Syn_WH8101_rela	610453	611149	47	894	-inf
Syn_WH8101_rela	611149	611671	47	522	-inf
